label,x0,y0,z0,x1,y1,z1,x2,y2,z2,x3,y3,z3,x4,y4,z4,x5,y5,z5,x6,y6,z6,x7,y7,z7,x8,y8,z8,x9,y9,z9,x10,y10,z10,x11,y11,z11,x12,y12,z12,x13,y13,z13,x14,y14,z14,x15,y15,z15,x16,y16,z16,x17,y17,z17,x18,y18,z18,x19,y19,z19,x20,y20,z20
A,0.13346368074417114,0.24028125405311584,1.4998285280398704e-07,0.13631755113601685,0.20653744041919708,-0.005835358984768391,0.13701984286308289,0.1693836897611618,-0.009121010079979897,0.13630971312522888,0.14290723204612732,-0.012719051912426949,0.13681194186210632,0.12209118902683258,-0.01577858254313469,0.11848849803209305,0.16182927787303925,-0.0067950524389743805,0.09914547204971313,0.12767858803272247,-0.01853162795305252,0.08784037828445435,0.10011345148086548,-0.02722577378153801,0.07959918677806854,0.07710716128349304,-0.03248129412531853,0.11448618769645691,0.16304604709148407,-0.009979466907680035,0.09502982348203659,0.12903572618961334,-0.02094302326440811,0.08542896807193756,0.10054907947778702,-0.029102114960551262,0.07824641466140747,0.07450627535581589,-0.03393758833408356,0.11422324180603027,0.16430872678756714,-0.013950543478131294,0.09526826441287994,0.13088490068912506,-0.023331716656684875,0.08595527708530426,0.10407897084951401,-0.026642782613635063,0.07872335612773895,0.0810604840517044,-0.027501696720719337,0.11728551983833313,0.16556701064109802,-0.018849872052669525,0.10021930932998657,0.13761696219444275,-0.024866638705134392,0.09256093204021454,0.11614523828029633,-0.025180649012327194,0.08776088058948517,0.09757906943559647,-0.024400880560278893
A,0.14258699119091034,0.2822955250740051,1.8119268929694954e-07,0.15213604271411896,0.2566072642803192,-0.016174376010894775,0.15491236746311188,0.22560125589370728,-0.022881697863340378,0.15527182817459106,0.20301957428455353,-0.027147401124238968,0.15444710850715637,0.1887422800064087,-0.030494874343276024,0.12788516283035278,0.21263469755649567,-0.02026834338903427,0.10420321673154831,0.1827208399772644,-0.03306594491004944,0.08955983817577362,0.15774622559547424,-0.04246705770492554,0.07877399772405624,0.13739073276519775,-0.04777344688773155,0.12147694826126099,0.21366186439990997,-0.0168876051902771,0.09890351444482803,0.18394994735717773,-0.029033545404672623,0.08680330216884613,0.15673591196537018,-0.03740303963422775,0.07867902517318726,0.13341864943504333,-0.041914522647857666,0.1192002072930336,0.21411606669425964,-0.014318503439426422,0.0995144322514534,0.18540121614933014,-0.0244450680911541,0.08962252736091614,0.15970630943775177,-0.028672823682427406,0.08288224786520004,0.1389649510383606,-0.029658010229468346,0.12022749334573746,0.21461047232151031,-0.013252168893814087,0.1053909882903099,0.18966417014598846,-0.019501229748129845,0.09791406989097595,0.16933420300483704,-0.02021314948797226,0.09394033253192902,0.15280388295650482,-0.019262375310063362
A,0.13411810994148254,0.26676133275032043,1.4697364747462416e-07,0.1270410716533661,0.2371705174446106,-0.007964719086885452,0.12409836053848267,0.20345212519168854,-0.01353216078132391,0.12002160400152206,0.17850852012634277,-0.018296917900443077,0.11640868335962296,0.15917792916297913,-0.02346409671008587,0.12281225621700287,0.2009827047586441,-0.016413476318120956,0.11317821592092514,0.17327752709388733,-0.0316472128033638,0.10510435700416565,0.15027648210525513,-0.043643519282341,0.09787269681692123,0.13070711493492126,-0.05122208595275879,0.12756329774856567,0.20678119361400604,-0.018438132479786873,0.11763797700405121,0.17915178835391998,-0.031746502965688705,0.10817622393369675,0.15546658635139465,-0.04096017777919769,0.09946941584348679,0.1337246596813202,-0.04682249203324318,0.13541805744171143,0.2143288105726242,-0.020821865648031235,0.12750889360904694,0.18728581070899963,-0.032259996980428696,0.12171462178230286,0.1658458113670349,-0.035021305084228516,0.11717002838850021,0.14667892456054688,-0.035590872168540955,0.14570307731628418,0.22384409606456757,-0.02397635392844677,0.1416214406490326,0.20246180891990662,-0.03250768408179283,0.1392481029033661,0.18469668924808502,-0.03308876231312752,0.1380949467420578,0.16899757087230682,-0.03228769451379776
A,0.13618223369121552,0.2837441563606262,1.2365596546715096e-07,0.15609829127788544,0.2633442282676697,-0.014063267968595028,0.16402198374271393,0.23097023367881775,-0.01906680129468441,0.16475650668144226,0.20338910818099976,-0.022332213819026947,0.1620219498872757,0.1813226193189621,-0.024246694520115852,0.1369156390428543,0.2075040489435196,-0.009555455297231674,0.1305878460407257,0.17350617051124573,-0.01997230015695095,0.1277582347393036,0.15038737654685974,-0.02891398034989834,0.12477198988199234,0.13198396563529968,-0.03475554287433624,0.1273736208677292,0.20652490854263306,-0.006509300787001848,0.1223948746919632,0.17503298819065094,-0.015676653012633324,0.11926916241645813,0.15330764651298523,-0.023396670818328857,0.11594630777835846,0.13297131657600403,-0.0282178595662117,0.12325361371040344,0.20716413855552673,-0.004973846487700939,0.11919277906417847,0.177815243601799,-0.012926481664180756,0.11711271107196808,0.15731753408908844,-0.014986076392233372,0.11456958949565887,0.13878759741783142,-0.015284895896911621,0.1234733983874321,0.20867125689983368,-0.005082018673419952,0.12037573009729385,0.18366417288780212,-0.010449443943798542,0.11902346462011337,0.16590112447738647,-0.010447910986840725,0.11830876022577286,0.15113654732704163,-0.009294671006500721
A,0.13522371649742126,0.3061685860157013,1.2797211468296155e-07,0.1419072151184082,0.28801044821739197,-0.013152038678526878,0.14853651821613312,0.25712013244628906,-0.019026875495910645,0.15147948265075684,0.23083250224590302,-0.02335854060947895,0.14966878294944763,0.2099839448928833,-0.026859179139137268,0.13748106360435486,0.23833909630775452,-0.013972188346087933,0.13011373579502106,0.20336057245731354,-0.02666713483631611,0.12241095304489136,0.17697957158088684,-0.03664260730147362,0.11434672772884369,0.15575718879699707,-0.04294507950544357,0.13163429498672485,0.23642607033252716,-0.012761427089571953,0.1243646964430809,0.2029590606689453,-0.02474066987633705,0.11662036180496216,0.17739148437976837,-0.033410169184207916,0.10822746157646179,0.15345367789268494,-0.03851946443319321,0.12822182476520538,0.23597845435142517,-0.012553633190691471,0.1224176287651062,0.2050119787454605,-0.02251414582133293,0.11748362332582474,0.18328982591629028,-0.024844294413924217,0.11191071569919586,0.16311779618263245,-0.024971503764390945,0.12644702196121216,0.2371252179145813,-0.013884156942367554,0.12203845381736755,0.2113172709941864,-0.020703598856925964,0.11902457475662231,0.19340790808200836,-0.020900052040815353,0.11639165878295898,0.1775389015674591,-0.019687479361891747
A,0.2036558836698532,0.28490015864372253,2.112130488285402e-07,0.21306030452251434,0.26369696855545044,-0.011483796872198582,0.21362368762493134,0.23341867327690125,-0.016884461045265198,0.21024984121322632,0.21026204526424408,-0.021031109616160393,0.20593363046646118,0.19202500581741333,-0.024716239422559738,0.19349582493305206,0.21756604313850403,-0.011471646837890148,0.18419453501701355,0.18489262461662292,-0.022623134776949883,0.1789429783821106,0.16067540645599365,-0.0313502736389637,0.17600789666175842,0.14149653911590576,-0.03659694269299507,0.18865816295146942,0.21940046548843384,-0.010913407430052757,0.18052838742733002,0.18579944968223572,-0.02073902077972889,0.17576982080936432,0.16180431842803955,-0.0278578232973814,0.17277118563652039,0.140807643532753,-0.0320873036980629,0.18704462051391602,0.22237460315227509,-0.011547905392944813,0.18149736523628235,0.19138462841510773,-0.019540460780262947,0.17893728613853455,0.16953551769256592,-0.021385440602898598,0.17757552862167358,0.15124651789665222,-0.021519144997000694,0.1877339780330658,0.22669130563735962,-0.013598425313830376,0.18415004014968872,0.2010580152273178,-0.01932205818593502,0.18318864703178406,0.18284811079502106,-0.019535331055521965,0.18294626474380493,0.1677708774805069,-0.01864713430404663
A,0.8081445693969727,0.5291415452957153,-1.4288087868408184e-06,0.6788281798362732,0.6506983041763306,-0.048814255744218826,0.4908130466938019,0.7045167684555054,-0.07521171122789383,0.33630800247192383,0.7015607953071594,-0.10120166838169098,0.23620666563510895,0.6587297916412354,-0.11606034636497498,0.3997213542461395,0.5363171696662903,-0.0341310016810894,0.2836835980415344,0.509832501411438,-0.10930152237415314,0.3669359087944031,0.5508518218994141,-0.1452149599790573,0.4643695652484894,0.5867221355438232,-0.15584178268909454,0.43301844596862793,0.43369340896606445,-0.03988949581980705,0.32335683703422546,0.41745322942733765,-0.13402216136455536,0.4470440745353699,0.4926219582557678,-0.16031911969184875,0.5536848902702332,0.5348020792007446,-0.15313464403152466,0.49015119671821594,0.3500315546989441,-0.05385730788111687,0.3875442445278168,0.3460918068885803,-0.13733752071857452,0.5092040300369263,0.4269164204597473,-0.10936800390481949,0.6167553663253784,0.46506717801094055,-0.06485234200954437,0.5647024512290955,0.2720378637313843,-0.0714496374130249,0.46398383378982544,0.2676241397857666,-0.12737451493740082,0.545059084892273,0.3430299162864685,-0.09915697574615479,0.6258242726325989,0.38555246591567993,-0.059214524924755096
A,0.8145842552185059,0.5236220955848694,-1.3887187151340186e-06,0.6898714303970337,0.6523582339286804,-0.056712210178375244,0.48925790190696716,0.7190808057785034,-0.07983877509832382,0.3332081437110901,0.7224810123443604,-0.10259026288986206,0.22641590237617493,0.7013137340545654,-0.11120040714740753,0.38444632291793823,0.5422784090042114,-0.018704647198319435,0.28531238436698914,0.5268204808235168,-0.09460859000682831,0.3791511654853821,0.5712710618972778,-0.12837208807468414,0.4779304265975952,0.6088137626647949,-0.13614122569561005,0.4251874089241028,0.44008487462997437,-0.02328445017337799,0.32764798402786255,0.42945384979248047,-0.11561650782823563,0.4495808780193329,0.5003487467765808,-0.141259104013443,0.5498626828193665,0.5382235646247864,-0.1330845206975937,0.48104768991470337,0.3540131151676178,-0.040497686713933945,0.39197009801864624,0.3524608016014099,-0.12144353985786438,0.5103614330291748,0.4251408874988556,-0.09537139534950256,0.6092449426651001,0.45946016907691956,-0.05302037298679352,0.5528965592384338,0.27552008628845215,-0.06359133869409561,0.46139582991600037,0.2675458788871765,-0.11715799570083618,0.5391688346862793,0.3353153467178345,-0.09188327193260193,0.6119953393936157,0.3722260594367981,-0.054778944700956345
A,0.7555291056632996,0.49067914485931396,-7.082736033225956e-07,0.6468139290809631,0.6129767894744873,-0.03613733500242233,0.4926333725452423,0.6733794808387756,-0.07297155261039734,0.3717155158519745,0.6814703941345215,-0.11215218901634216,0.3012261986732483,0.6458178162574768,-0.14706258475780487,0.4142349064350128,0.5323119163513184,-0.0686587393283844,0.291748583316803,0.4963332414627075,-0.14972451329231262,0.3396947979927063,0.5235709547996521,-0.19831596314907074,0.4200502336025238,0.564303457736969,-0.22054490447044373,0.4446084499359131,0.4449338912963867,-0.08724852651357651,0.32124143838882446,0.401898056268692,-0.17837318778038025,0.3968782424926758,0.46094799041748047,-0.21050725877285004,0.49544620513916016,0.5118422508239746,-0.2139483392238617,0.49253755807876587,0.3618246614933014,-0.11050192266702652,0.3765111565589905,0.334354430437088,-0.18229961395263672,0.46317794919013977,0.39671313762664795,-0.16303861141204834,0.5574312210083008,0.443488210439682,-0.13168492913246155,0.5533830523490906,0.27829301357269287,-0.13664285838603973,0.45210856199264526,0.2605423927307129,-0.18482732772827148,0.5128483176231384,0.31761619448661804,-0.16307374835014343,0.5879395008087158,0.365536093711853,-0.13308601081371307
A,0.8078434467315674,0.4567263424396515,-1.2748422477670829e-06,0.69034743309021,0.6096689701080322,-0.05227414146065712,0.49501338601112366,0.7086191177368164,-0.08542833477258682,0.3390389084815979,0.7361727952957153,-0.11499711126089096,0.22547872364521027,0.7141125202178955,-0.13319994509220123,0.38135555386543274,0.5335932970046997,-0.06669528037309647,0.2623407244682312,0.544458270072937,-0.13707010447978973,0.33083292841911316,0.5740571022033691,-0.16227540373802185,0.43252792954444885,0.6069743037223816,-0.1654019057750702,0.40443408489227295,0.4178721308708191,-0.07376054674386978,0.2868480682373047,0.43029361963272095,-0.1606803983449936,0.3980551064014435,0.49143996834754944,-0.18299391865730286,0.5097973346710205,0.5279558300971985,-0.17650265991687775,0.45073893666267395,0.3168301582336426,-0.08654246479272842,0.3448635935783386,0.33823689818382263,-0.1600159853696823,0.4681888520717621,0.4024756848812103,-0.13005420565605164,0.5825879573822021,0.4323355257511139,-0.08988847583532333,0.5188227295875549,0.22151832282543182,-0.10346058011054993,0.41577965021133423,0.23155507445335388,-0.16194365918636322,0.4999261498451233,0.29820796847343445,-0.13515150547027588,0.5845886468887329,0.3354487121105194,-0.0973803922533989
A,0.21250362694263458,0.564167857170105,7.841795479635039e-08,0.2034512758255005,0.5480007529258728,-0.0019410987151786685,0.18742534518241882,0.5311471819877625,-0.0022060542833060026,0.17397136986255646,0.5200833678245544,-0.0027359852101653814,0.1633516401052475,0.511802613735199,-0.0031213508918881416,0.17884260416030884,0.5255452990531921,-0.0016610360471531749,0.15862418711185455,0.5096643567085266,-0.00702336011454463,0.14264430105686188,0.49967142939567566,-0.011860041879117489,0.1281575858592987,0.492868036031723,-0.015260031446814537,0.17641234397888184,0.5285266041755676,-0.0037406389601528645,0.15701715648174286,0.512087345123291,-0.009037395939230919,0.14091850817203522,0.5021783113479614,-0.014202657155692577,0.12478624284267426,0.49374067783355713,-0.017643094062805176,0.1745189130306244,0.531750500202179,-0.006070492789149284,0.15655840933322906,0.5159307718276978,-0.01026805117726326,0.14205099642276764,0.505722165107727,-0.012460047379136086,0.12742255628108978,0.4974657893180847,-0.013650103472173214,0.1730375736951828,0.5354336500167847,-0.008773094043135643,0.15919867157936096,0.5215386748313904,-0.011826635338366032,0.14901193976402283,0.5125217437744141,-0.012140949256718159,0.13932886719703674,0.5047476887702942,-0.011910482309758663
A,0.20472119748592377,0.5374366641044617,1.5220264515392046e-07,0.21422149240970612,0.524476170539856,-0.017787782475352287,0.21522869169712067,0.5087329745292664,-0.026748593896627426,0.21384994685649872,0.4974308907985687,-0.033198561519384384,0.21173714101314545,0.49000829458236694,-0.0389368012547493,0.1834384799003601,0.4971757233142853,-0.018002841621637344,0.16550573706626892,0.48201408982276917,-0.026519199833273888,0.15232551097869873,0.4710841178894043,-0.033267080783843994,0.1414424180984497,0.46252089738845825,-0.03782569617033005,0.17522868514060974,0.5004363656044006,-0.012925070710480213,0.15805897116661072,0.4850168526172638,-0.021212195977568626,0.14555160701274872,0.4732828140258789,-0.027442067861557007,0.13444656133651733,0.46258974075317383,-0.031473103910684586,0.1695387065410614,0.5037036538124084,-0.00903866533190012,0.1543065309524536,0.48828747868537903,-0.015481176786124706,0.14390747249126434,0.4771052300930023,-0.018664587289094925,0.1344180852174759,0.4667118787765503,-0.020203884690999985,0.16539834439754486,0.5067508220672607,-0.006831245496869087,0.15418924391269684,0.49252498149871826,-0.011285649612545967,0.1463104486465454,0.48239442706108093,-0.012958108447492123,0.13992898166179657,0.47309768199920654,-0.013590470887720585
A,0.20753994584083557,0.5426490902900696,1.2289947903809662e-07,0.21357692778110504,0.5265862941741943,-0.01173414010554552,0.210446298122406,0.507754921913147,-0.017407743260264397,0.2043505609035492,0.49427011609077454,-0.02143530547618866,0.1967151015996933,0.484030157327652,-0.024888399988412857,0.18594825267791748,0.5056435465812683,-0.013937285169959068,0.16756291687488556,0.48979902267456055,-0.022523466497659683,0.15473619103431702,0.4782510995864868,-0.028621196746826172,0.14400209486484528,0.4692211449146271,-0.032492440193891525,0.17836202681064606,0.5089645385742188,-0.011756092309951782,0.1611586958169937,0.49230828881263733,-0.020152857527136803,0.14899547398090363,0.47906482219696045,-0.0258021280169487,0.1379820555448532,0.4665912389755249,-0.029237300157546997,0.1734568327665329,0.5120377540588379,-0.010373999364674091,0.15836797654628754,0.4957733452320099,-0.017413360998034477,0.1485578715801239,0.4834822118282318,-0.020225662738084793,0.13962377607822418,0.4723951518535614,-0.021328017115592957,0.17071276903152466,0.514638364315033,-0.010075007565319538,0.15973632037639618,0.5006062388420105,-0.015425392426550388,0.15252114832401276,0.49037864804267883,-0.017011402174830437,0.14681755006313324,0.48143520951271057,-0.01734992489218712
B,0.597298800945282,0.2782142758369446,8.756943259413674e-08,0.5889559388160706,0.26392245292663574,0.0008176175761036575,0.5823874473571777,0.24579033255577087,0.0012439892161637545,0.5796588659286499,0.23237580060958862,0.0011631663655862212,0.5778648853302002,0.22243262827396393,0.001430024509318173,0.5778233408927917,0.24285151064395905,0.0012705622939392924,0.5774680972099304,0.22528663277626038,-0.0031633845064789057,0.5770618915557861,0.21187835931777954,-0.007284726947546005,0.5759512782096863,0.20147264003753662,-0.009782728739082813,0.579463541507721,0.24284732341766357,-0.0010789323132485151,0.579475998878479,0.22549578547477722,-0.004338365513831377,0.5786974430084229,0.2126302719116211,-0.007354998495429754,0.5773024559020996,0.2004023641347885,-0.009250165894627571,0.5823529362678528,0.24226157367229462,-0.0036131853703409433,0.5815156698226929,0.2258985936641693,-0.005654988810420036,0.580489456653595,0.2135317474603653,-0.0054387180134654045,0.5791833400726318,0.20194809138774872,-0.005036430899053812,0.5861629247665405,0.242152601480484,-0.006423591636121273,0.5837162137031555,0.22871911525726318,-0.007015871815383434,0.5819942355155945,0.21890226006507874,-0.005469636991620064,0.5809038281440735,0.2098364681005478,-0.00406954251229763
B,0.6090409755706787,0.28223758935928345,1.2306672658723983e-07,0.6002289056777954,0.26736360788345337,0.0020622333977371454,0.5925840139389038,0.24976041913032532,0.0027249606791883707,0.5891990661621094,0.23789536952972412,0.002417868934571743,0.5872117877006531,0.22822460532188416,0.0022829922381788492,0.5863005518913269,0.24633167684078217,0.003566963132470846,0.5868527293205261,0.22975945472717285,-0.0004691856156568974,0.5891035199165344,0.21661841869354248,-0.004492849111557007,0.5908780694007874,0.20670710504055023,-0.006735816597938538,0.5890291929244995,0.2468346208333969,0.0006431486690416932,0.5891351103782654,0.22986024618148804,-0.0019059099722653627,0.5902787446975708,0.21700474619865417,-0.0048863706178963184,0.5912677049636841,0.20580008625984192,-0.006789806764572859,0.5933256149291992,0.24681448936462402,-0.0024509301874786615,0.5920563340187073,0.23004332184791565,-0.003915108274668455,0.5921877026557922,0.21761541068553925,-0.00399418082088232,0.5922223925590515,0.20687982439994812,-0.0038262950256466866,0.5989444255828857,0.2468818575143814,-0.0057067954912781715,0.5961319804191589,0.2326778769493103,-0.0057034920901060104,0.5954360365867615,0.22292327880859375,-0.004071269184350967,0.5952755808830261,0.2144162356853485,-0.0026368077378720045
B,0.6073306202888489,0.2963902950286865,9.867056149914788e-08,0.6018807291984558,0.2843605875968933,-0.002680746838450432,0.5953107476234436,0.2680476903915405,-0.003933760337531567,0.5914144515991211,0.25447750091552734,-0.005113622639328241,0.5877411961555481,0.24386504292488098,-0.006063093431293964,0.5877242684364319,0.2655528783798218,-0.004327508620917797,0.5833325386047363,0.24738270044326782,-0.010176869109272957,0.5810913443565369,0.23342326283454895,-0.014666683971881866,0.5790279507637024,0.22192300856113434,-0.01730944961309433,0.588564395904541,0.26518020033836365,-0.005181911401450634,0.5842523574829102,0.24800467491149902,-0.010005414485931396,0.5822646021842957,0.23443278670310974,-0.013381704688072205,0.5805643200874329,0.22132208943367004,-0.015372009947896004,0.5914812088012695,0.2644976079463959,-0.006254979874938726,0.5862261652946472,0.24769675731658936,-0.010378587059676647,0.5835024118423462,0.23487095534801483,-0.011372262611985207,0.5811371207237244,0.22287312150001526,-0.011426105163991451,0.5959430932998657,0.26369303464889526,-0.007683498784899712,0.5906973481178284,0.25005394220352173,-0.010462276637554169,0.5877076983451843,0.2400767207145691,-0.010244077071547508,0.5859929323196411,0.23065701127052307,-0.009498783387243748
B,0.614035964012146,0.29253876209259033,1.0383821802406601e-07,0.6111613512039185,0.2767711579799652,-0.0012834693770855665,0.6033397912979126,0.2567431628704071,-0.0016686883755028248,0.5964745879173279,0.2426598072052002,-0.00194904999807477,0.5904560685157776,0.2324213981628418,-0.0022531028371304274,0.5990877151489258,0.2544633746147156,-0.0038886351976543665,0.5943827629089355,0.23588940501213074,-0.009016036987304688,0.5900986194610596,0.22208496928215027,-0.013210341334342957,0.5854086875915527,0.21112221479415894,-0.015848994255065918,0.5974287986755371,0.2559143602848053,-0.005084139760583639,0.5936855673789978,0.23705050349235535,-0.009290365502238274,0.589745819568634,0.22322404384613037,-0.012720445170998573,0.5852770209312439,0.2103886902332306,-0.015058241784572601,0.5968561172485352,0.25689926743507385,-0.006243051029741764,0.5932146310806274,0.23863516747951508,-0.00909537635743618,0.5895369648933411,0.22515013813972473,-0.009621200151741505,0.5853135585784912,0.21285419166088104,-0.009842180646955967,0.597233772277832,0.2577868700027466,-0.007644739933311939,0.5930545926094055,0.24179428815841675,-0.009391685016453266,0.59050452709198,0.2309892624616623,-0.00870020966976881,0.5880159139633179,0.22169460356235504,-0.007904388010501862
B,0.6171647310256958,0.3028332591056824,7.006985924817855e-08,0.6082324385643005,0.28880056738853455,0.0034029099624603987,0.6000676155090332,0.2665882408618927,0.005097342189401388,0.5977950096130371,0.2501307725906372,0.005199810955673456,0.5977218151092529,0.23831439018249512,0.005436524283140898,0.5911912322044373,0.2600652277469635,0.007299470249563456,0.5909972786903381,0.2410835474729538,0.004362373147159815,0.592252254486084,0.22710832953453064,0.000814593571703881,0.5933725237846375,0.21689651906490326,-0.0015312591567635536,0.5942837595939636,0.2589977979660034,0.0031145610846579075,0.5946679711341858,0.24044446647167206,0.001192521071061492,0.5958291888237,0.2275686264038086,-0.0018515954725444317,0.5968654751777649,0.21644535660743713,-0.003857015399262309,0.6002249717712402,0.25822702050209045,-0.001385103678330779,0.5991027355194092,0.2397865504026413,-0.002247751923277974,0.5996265411376953,0.22778378427028656,-0.0015963382320478559,0.5999251008033752,0.21688303351402283,-0.0011029908200725913,0.6080659627914429,0.25799283385276794,-0.006124421022832394,0.604978084564209,0.24154168367385864,-0.005622921511530876,0.6040430068969727,0.23113101720809937,-0.0032932639587670565,0.6036920547485352,0.2219078540802002,-0.0014374576276168227
B,0.4429251551628113,0.1677926480770111,8.101021364836924e-08,0.4588923156261444,0.15805339813232422,-0.009314240887761116,0.4697672724723816,0.14284752309322357,-0.014597931876778603,0.4731401801109314,0.13019460439682007,-0.01797647401690483,0.47222691774368286,0.12324072420597076,-0.020821886137127876,0.45035675168037415,0.1172950342297554,-0.013422013260424137,0.45699286460876465,0.09837174415588379,-0.019861046224832535,0.4600886404514313,0.08548825234174728,-0.025111939758062363,0.4609302878379822,0.07593569159507751,-0.028794588521122932,0.43973028659820557,0.11476132273674011,-0.010264982469379902,0.45330390334129333,0.10138140618801117,-0.01568032242357731,0.4609062075614929,0.1081586480140686,-0.017325328662991524,0.4626656174659729,0.11604714393615723,-0.01801833137869835,0.43273088335990906,0.11585389822721481,-0.007452517282217741,0.44707047939300537,0.10447382181882858,-0.011200850829482079,0.4524495601654053,0.11067147552967072,-0.009587829932570457,0.452716588973999,0.11820758879184723,-0.00812862440943718,0.42850854992866516,0.118773452937603,-0.005440692417323589,0.4396836757659912,0.10931569337844849,-0.007333289831876755,0.4451497197151184,0.11361858993768692,-0.005539967678487301,0.4462091028690338,0.12002427875995636,-0.0037470990791916847
B,0.6148980855941772,0.30013805627822876,6.877618119460749e-08,0.6034427285194397,0.28509321808815,0.0011058371746912599,0.5964856147766113,0.2645818889141083,0.001515087322331965,0.5939444303512573,0.249566912651062,0.0012987892841920257,0.5930614471435547,0.23869606852531433,0.0013261995045468211,0.5914250612258911,0.26178380846977234,0.0002548391348682344,0.5903052091598511,0.24067074060440063,-0.004458138253539801,0.5879396200180054,0.224949449300766,-0.008339280262589455,0.5848568677902222,0.2126341611146927,-0.0109552051872015,0.595031201839447,0.2614228129386902,-0.002769084647297859,0.5938194394111633,0.241170272231102,-0.006568165495991707,0.5916573405265808,0.22600971162319183,-0.010010097175836563,0.5888031125068665,0.21147644519805908,-0.012457091361284256,0.6006952524185181,0.2607015371322632,-0.005857501644641161,0.5978899002075195,0.24114277958869934,-0.008587202057242393,0.5949389338493347,0.22671674191951752,-0.009403204545378685,0.5914605259895325,0.21361510455608368,-0.009923811070621014,0.6079350709915161,0.25979548692703247,-0.00914630014449358,0.6037686467170715,0.24411770701408386,-0.010801379568874836,0.600480318069458,0.23317644000053406,-0.01037604920566082,0.5974812507629395,0.2232407182455063,-0.009921218268573284
B,0.6683001518249512,0.32826244831085205,4.068706260795807e-08,0.6602563858032227,0.31578218936920166,0.00012828860781155527,0.6564216613769531,0.2966894209384918,-0.0001210274058394134,0.6574679613113403,0.28189411759376526,-0.0010147903813049197,0.6592362523078918,0.2710137665271759,-0.001580594340339303,0.6513252258300781,0.2887173891067505,0.001282612676732242,0.6499564051628113,0.26990756392478943,-0.0029774790164083242,0.6495628952980042,0.2571282982826233,-0.006759759970009327,0.6493815183639526,0.24734511971473694,-0.009175507351756096,0.6555674076080322,0.28816959261894226,-0.0013004837092012167,0.6532243490219116,0.2698756158351898,-0.004646945744752884,0.6526728272438049,0.25734764337539673,-0.007765485439449549,0.6523534655570984,0.24595558643341064,-0.009778960607945919,0.6615126729011536,0.288674920797348,-0.00421946682035923,0.6584073305130005,0.27077770233154297,-0.006987269502133131,0.657878577709198,0.2590068578720093,-0.007220720872282982,0.6576725840568542,0.24872756004333496,-0.007049853447824717,0.66839998960495,0.2900543212890625,-0.007406667806208134,0.6656215786933899,0.27564892172813416,-0.008969923481345177,0.6643998026847839,0.2657463550567627,-0.007970504462718964,0.6640667915344238,0.25705352425575256,-0.006846825126558542
B,0.667680025100708,0.33148476481437683,2.6742949188474086e-08,0.6585655212402344,0.3182101249694824,0.0013742557493969798,0.6550068259239197,0.29815980792045593,0.0014255177229642868,0.6565602421760559,0.282861590385437,0.0005261629121378064,0.6595520973205566,0.272020161151886,-0.0001746497000567615,0.6524335145950317,0.2909969985485077,0.0024135366547852755,0.6516177654266357,0.272832989692688,-0.0015321820974349976,0.6515432000160217,0.2610965371131897,-0.005064596887677908,0.6520593166351318,0.252325177192688,-0.0073623331263661385,0.6574152708053589,0.29084593057632446,-0.000941380625590682,0.6552494168281555,0.2728789150714874,-0.0038743591867387295,0.6548764705657959,0.26100122928619385,-0.006653937045484781,0.6552424430847168,0.25081491470336914,-0.008534176275134087,0.6637808680534363,0.29219627380371094,-0.0046081701293587685,0.6607064604759216,0.2742360830307007,-0.006988608743995428,0.6603625416755676,0.2633543908596039,-0.006673979107290506,0.6607471108436584,0.2541612684726715,-0.006304390728473663,0.6707077026367188,0.29485583305358887,-0.008452256210148335,0.6679108142852783,0.2806861400604248,-0.0096877571195364,0.6669261455535889,0.2715475857257843,-0.008254218846559525,0.6670268774032593,0.26381590962409973,-0.006963762920349836
C,0.6532348394393921,0.6980679035186768,-1.5185264601313975e-08,0.678352415561676,0.6932984590530396,0.008493679575622082,0.7267122268676758,0.6980903744697571,0.013998875394463539,0.7630794644355774,0.7108293771743774,0.014428989961743355,0.7907397150993347,0.7238460183143616,0.016873396933078766,0.7752186059951782,0.6818175911903381,0.028972364962100983,0.8235957622528076,0.7106384634971619,0.024173999205231667,0.8321619629859924,0.7400710582733154,0.017174897715449333,0.8271917700767517,0.7611430287361145,0.013367589563131332,0.7860328555107117,0.6920745372772217,0.020716749131679535,0.8335987329483032,0.7206167578697205,0.01970507763326168,0.8378264307975769,0.7487295866012573,0.01339254155755043,0.8329620361328125,0.7692426443099976,0.008770153857767582,0.7945830225944519,0.7098646759986877,0.010721458122134209,0.8393830060958862,0.7367766499519348,0.009489393793046474,0.8422163128852844,0.7650196552276611,0.007323802448809147,0.8362008333206177,0.7840779423713684,0.005955435801297426,0.7992979884147644,0.7327053546905518,0.0003325374855194241,0.8392422199249268,0.7585285902023315,0.002435580361634493,0.8430572748184204,0.7809380292892456,0.0057287137024104595,0.8364119529724121,0.7961754202842712,0.008253812789916992
C,0.7822590470314026,0.35329338908195496,-2.473124709467811e-07,0.799619197845459,0.3370644152164459,-0.003706875257194042,0.8234555721282959,0.3298477232456207,-0.007940730080008507,0.844074547290802,0.32361164689064026,-0.013433129526674747,0.8574437499046326,0.31515562534332275,-0.017997736111283302,0.8645651340484619,0.36242371797561646,-0.00010653226490831003,0.8962540626525879,0.3416067063808441,-0.01094050146639347,0.897180438041687,0.3185975253582001,-0.020809011533856392,0.8869548439979553,0.305440217256546,-0.025775516405701637,0.8695614337921143,0.36399927735328674,-0.002742727054283023,0.9018484950065613,0.3412781357765198,-0.00976417027413845,0.9017243385314941,0.31943655014038086,-0.01553599163889885,0.8923030495643616,0.3057665228843689,-0.01870431751012802,0.8711532950401306,0.36163216829299927,-0.006662681233137846,0.9028162956237793,0.3398994207382202,-0.013324487954378128,0.9007513523101807,0.3185688555240631,-0.015282235108315945,0.8916882276535034,0.3067683279514313,-0.015374896116554737,0.8702989816665649,0.3563043177127838,-0.011051562614738941,0.896351158618927,0.3381078243255615,-0.016333507373929024,0.8978808522224426,0.320506751537323,-0.01579887792468071,0.8914096355438232,0.30854302644729614,-0.013618748635053635
C,0.9350744485855103,0.7795016765594482,4.91432729177177e-07,0.9183446764945984,0.7641193866729736,-0.016589486971497536,0.8877859115600586,0.7484115362167358,-0.02722778171300888,0.8673788905143738,0.7321150302886963,-0.037044573575258255,0.8490703701972961,0.7257491946220398,-0.04702847823500633,0.8239222764968872,0.7611225843429565,-0.016759198158979416,0.7698888182640076,0.7435102462768555,-0.03582718223333359,0.7263166904449463,0.7250507473945618,-0.05449308827519417,0.6922134160995483,0.709347128868103,-0.06630464643239975,0.8193149566650391,0.7612249255180359,-0.016399748623371124,0.7638279795646667,0.7413784265518188,-0.030619006603956223,0.7209425568580627,0.7220472097396851,-0.04444339871406555,0.6844049096107483,0.706045389175415,-0.05458955466747284,0.8155354857444763,0.760456919670105,-0.018216626718640327,0.763302743434906,0.7420787811279297,-0.028236960992217064,0.7247971296310425,0.725212574005127,-0.03555392473936081,0.6920431852340698,0.7110891342163086,-0.04061209782958031,0.8136829137802124,0.7590628862380981,-0.022193042561411858,0.770029604434967,0.7442347407341003,-0.02832057885825634,0.7382956743240356,0.7312279939651489,-0.030611375346779823,0.7107353210449219,0.7210906744003296,-0.032429277896881104
C,0.18899023532867432,0.42046022415161133,2.2124598331174639e-07,0.17088639736175537,0.41114383935928345,-0.019625527784228325,0.1522769182920456,0.4112502336502075,-0.032573387026786804,0.13697399199008942,0.41073405742645264,-0.04303912818431854,0.12277369201183319,0.41041380167007446,-0.05206042900681496,0.13179224729537964,0.45737239718437195,-0.02652375027537346,0.09274671971797943,0.46766695380210876,-0.03991351276636124,0.07343946397304535,0.4552696645259857,-0.04873504489660263,0.06807012856006622,0.44066062569618225,-0.05255569890141487,0.12995731830596924,0.46324795484542847,-0.02037154510617256,0.08963137865066528,0.4706774353981018,-0.02998240664601326,0.07140715420246124,0.45672276616096497,-0.03613734617829323,0.06658533215522766,0.44154876470565796,-0.03978738188743591,0.1268300712108612,0.46190693974494934,-0.015473729930818081,0.09064031392335892,0.46621036529541016,-0.021794727072119713,0.07516182214021683,0.4518797695636749,-0.026212826371192932,0.07043591141700745,0.43728455901145935,-0.02901238389313221,0.12421940267086029,0.4560922086238861,-0.01216429378837347,0.09706319868564606,0.4577392637729645,-0.015715377405285835,0.08313807845115662,0.44677916169166565,-0.01735757291316986,0.07924205809831619,0.4348534047603607,-0.01808822527527809
C,0.19118769466876984,0.4224291443824768,1.816047188185621e-07,0.17467738687992096,0.41780591011047363,-0.006098369602113962,0.15446756780147552,0.4208376705646515,-0.012448770925402641,0.13820384442806244,0.42125204205513,-0.019575735554099083,0.1254446655511856,0.4191766679286957,-0.02589529938995838,0.13275915384292603,0.462416410446167,-0.006247602868825197,0.09874552488327026,0.47211089730262756,-0.015248529613018036,0.08018381893634796,0.4632595479488373,-0.02220337837934494,0.07239427417516708,0.4510215222835541,-0.025431308895349503,0.13183797895908356,0.46835005283355713,-0.007165099959820509,0.09589674323797226,0.47527065873146057,-0.01324505265802145,0.07847931236028671,0.46365275979042053,-0.018204955384135246,0.0701896920800209,0.450093537569046,-0.02116042748093605,0.12978190183639526,0.46855804324150085,-0.00893160980194807,0.09643381088972092,0.47522345185279846,-0.01189618930220604,0.07980325818061829,0.4644396901130676,-0.014182382263243198,0.07159633934497833,0.45174577832221985,-0.01582401990890503,0.12758025527000427,0.4647928476333618,-0.011625341139733791,0.10104106366634369,0.4698770046234131,-0.012079603038728237,0.08565670251846313,0.46265196800231934,-0.01115612406283617,0.07749342918395996,0.453058660030365,-0.010212790220975876
C,0.19292479753494263,0.4108085036277771,8.94074929647104e-08,0.16822302341461182,0.4004664421081543,0.0035290136002004147,0.14226318895816803,0.3983563184738159,0.002730350010097027,0.1218518316745758,0.3972944915294647,-7.318650023080409e-05,0.10560663789510727,0.39759838581085205,-0.001895821187645197,0.12263071537017822,0.4380229115486145,0.004969062749296427,0.08718158304691315,0.4371366798877716,0.0006593086873181164,0.0758049488067627,0.4221179485321045,-0.00331092462874949,0.0744214579463005,0.40946322679519653,-0.004762016236782074,0.12271277606487274,0.44595810770988464,0.0009276410564780235,0.08553294837474823,0.44357943534851074,-0.00025030263350345194,0.07452916353940964,0.4273923933506012,-0.002914931857958436,0.07366455346345901,0.4133553206920624,-0.005044170189648867,0.12274263799190521,0.44848260283470154,-0.003293836722150445,0.08931994438171387,0.44573599100112915,-0.0013831161195412278,0.078179270029068,0.43075618147850037,-0.0017918008379638195,0.07678350806236267,0.417237251996994,-0.0032460603397339582,0.12211401760578156,0.4462025761604309,-0.0076910280622541904,0.09567289054393768,0.4461522400379181,-0.004142804071307182,0.08364748954772949,0.43625956773757935,-0.0014588850317522883,0.08044310659170151,0.42593035101890564,2.283247886225581e-05
C,0.7450556755065918,0.6790721416473389,6.63745041151742e-08,0.7768628597259521,0.6888015866279602,-0.0011461472604423761,0.8196514844894409,0.688163161277771,-0.0032201125286519527,0.8506091237068176,0.6868380904197693,-0.0072313398122787476,0.8751878142356873,0.6884084343910217,-0.010687170550227165,0.844076931476593,0.666064441204071,0.0004547725839074701,0.8911769390106201,0.669275164604187,-0.01136045716702938,0.9217722415924072,0.6761813163757324,-0.021095754578709602,0.945746660232544,0.6821235418319702,-0.02733372338116169,0.8450449109077454,0.666046142578125,-0.00607226463034749,0.8921797275543213,0.6713482141494751,-0.016683805733919144,0.9235135912895203,0.679218053817749,-0.02465360425412655,0.9509581923484802,0.6881400346755981,-0.029773952439427376,0.8436908721923828,0.6707887649536133,-0.01364605501294136,0.8899276256561279,0.676357626914978,-0.02191964164376259,0.9190977215766907,0.6834179759025574,-0.02405671589076519,0.9425586462020874,0.6916708946228027,-0.024773158133029938,0.8403550386428833,0.6798580884933472,-0.022000737488269806,0.8773574233055115,0.6816754937171936,-0.026438619941473007,0.9023102521896362,0.686359167098999,-0.025146516039967537,0.9219049215316772,0.6927158832550049,-0.023727742955088615
C,0.7393723726272583,0.6727529168128967,2.3396552251142566e-08,0.7741677761077881,0.6920003294944763,0.0007396124419756234,0.8149038553237915,0.6964077949523926,-0.0013409093953669071,0.8420146703720093,0.6990534663200378,-0.006637302692979574,0.8639432191848755,0.7043167948722839,-0.011608458124101162,0.8493475914001465,0.6705285310745239,0.0030127735808491707,0.8950236439704895,0.6763460636138916,-0.010150997899472713,0.9249660968780518,0.6848433017730713,-0.021551966667175293,0.9492409229278564,0.692080557346344,-0.029192978516221046,0.8492326736450195,0.6703247427940369,-0.006331902928650379,0.8972246050834656,0.6786295771598816,-0.018474960699677467,0.9296327829360962,0.6892834305763245,-0.028433924540877342,0.9582827091217041,0.7002425193786621,-0.034983888268470764,0.8450049161911011,0.6755490303039551,-0.016897501423954964,0.8915456533432007,0.6844058036804199,-0.026868732646107674,0.9217029809951782,0.6929193735122681,-0.03175149857997894,0.9465181231498718,0.7016668319702148,-0.03436470404267311,0.837289035320282,0.686211109161377,-0.028252990916371346,0.8741243481636047,0.6892020106315613,-0.03499896824359894,0.8989526033401489,0.6928917169570923,-0.03587084263563156,0.9187005162239075,0.6977849006652832,-0.035796184092760086
C,0.7334584593772888,0.6737802028656006,1.0294249364051211e-07,0.7678188681602478,0.6947896480560303,0.012373881414532661,0.8065989017486572,0.7051026225090027,0.01606352999806404,0.8332214951515198,0.709930956363678,0.014781513251364231,0.8545027375221252,0.7133442759513855,0.013222819194197655,0.8404585123062134,0.6824580430984497,0.017910486087203026,0.8832722306251526,0.6940236687660217,0.010772349312901497,0.9069987535476685,0.7123053073883057,0.0025571163278073072,0.922045886516571,0.729221761226654,-0.002481205388903618,0.8418758511543274,0.6813185214996338,0.006066686473786831,0.8859455585479736,0.6938836574554443,0.0031619356013834476,0.9080485701560974,0.7116599678993225,-0.002102792263031006,0.9226889610290527,0.7282558083534241,-0.006429778877645731,0.840761125087738,0.6819789409637451,-0.0064362408593297005,0.8823735117912292,0.6924253106117249,-0.005763415712863207,0.9041250348091125,0.7068731188774109,-0.0048913499340415,0.9197360277175903,0.7206635475158691,-0.005796242039650679,0.8382765650749207,0.6853682994842529,-0.01915130391716957,0.8716286420822144,0.6887948513031006,-0.015893440693616867,0.8912334442138672,0.6969662308692932,-0.011260871775448322,0.9044157862663269,0.7054303884506226,-0.00883942749351263
E,0.34191006422042847,0.5592958927154541,-1.3100620321893075e-07,0.3203757405281067,0.5458554029464722,0.005181937012821436,0.28674450516700745,0.5340222120285034,0.005246811546385288,0.2650372385978699,0.517404317855835,0.0012541910400614142,0.2510102391242981,0.5021688342094421,-0.0004920333158224821,0.24502402544021606,0.5576924085617065,0.013789355754852295,0.21734562516212463,0.5280738472938538,0.0033942637965083122,0.22973674535751343,0.5117242932319641,-0.006267107557505369,0.2484593391418457,0.5105609893798828,-0.01081274077296257,0.24680323898792267,0.5501683950424194,0.005964820738881826,0.2203032523393631,0.5206295251846313,-0.00028800396830774844,0.23485490679740906,0.5055564641952515,-0.006445892155170441,0.2527475655078888,0.5048083662986755,-0.009935910813510418,0.25340190529823303,0.5388478636741638,-0.003388945246115327,0.2292955219745636,0.5109652280807495,-0.007565598469227552,0.24236436188220978,0.4964997172355652,-0.007674925494939089,0.2581479251384735,0.49562186002731323,-0.007248314097523689,0.2645186185836792,0.5258728861808777,-0.01298697292804718,0.24623838067054749,0.5019862651824951,-0.013829231262207031,0.25531935691833496,0.4908235967159271,-0.010803108103573322,0.26853933930397034,0.48926156759262085,-0.008110275492072105
E,0.49892282485961914,0.300706684589386,-5.837683048071085e-08,0.51643306016922,0.2794766426086426,0.001371466089040041,0.5149937272071838,0.2526272237300873,0.0016493063885718584,0.49950191378593445,0.23772141337394714,0.0013137315399944782,0.48298314213752747,0.23640289902687073,0.0008556343382224441,0.5090448260307312,0.23812149465084076,0.0013263517757877707,0.4933606684207916,0.22380518913269043,-0.0020623253658413887,0.49239441752433777,0.23220665752887726,-0.005159786436706781,0.496879905462265,0.24119339883327484,-0.006715631578117609,0.4914258122444153,0.24308781325817108,-0.00037482421612367034,0.47689083218574524,0.23296847939491272,-0.0006791145424358547,0.4773380160331726,0.24151389300823212,-0.0016584296245127916,0.48226723074913025,0.249709352850914,-0.0026910232845693827,0.47457659244537354,0.2522616684436798,-0.002037919359281659,0.46318668127059937,0.24307627975940704,-0.002668600296601653,0.46509671211242676,0.25049081444740295,-0.0011036077048629522,0.4700812101364136,0.2575082778930664,-0.00043580177589319646,0.4599177837371826,0.2630234658718109,-0.003350931452587247,0.4530229866504669,0.25377118587493896,-0.0029873931780457497,0.4563027620315552,0.2606019377708435,0.0010586209828034043,0.46081408858299255,0.26688632369041443,0.0043700383976101875
F,0.49953585863113403,0.47704753279685974,3.7786745110679476e-07,0.5376359224319458,0.48480942845344543,-0.018520766869187355,0.5872930884361267,0.5002908110618591,-0.03559199720621109,0.6241464614868164,0.5233383774757385,-0.05083909258246422,0.6517507433891296,0.5460593104362488,-0.06597410142421722,0.6297715902328491,0.45631611347198486,-0.04024415835738182,0.6662497520446777,0.5195071697235107,-0.06808768957853317,0.678505003452301,0.5645076632499695,-0.08825913816690445,0.6858184933662415,0.6007057428359985,-0.10107270628213882,0.6184006929397583,0.45748355984687805,-0.042456191033124924,0.6497500538825989,0.5279548764228821,-0.0704285204410553,0.6620062589645386,0.574955403804779,-0.08515234291553497,0.6708337664604187,0.6129429936408997,-0.09414762258529663,0.6028211116790771,0.4690888524055481,-0.04583076015114784,0.6331052780151367,0.5343890190124512,-0.07148897647857666,0.6486729383468628,0.5765639543533325,-0.07907216995954514,0.6608812212944031,0.6111546754837036,-0.0813077986240387,0.5855951309204102,0.48711881041526794,-0.05039177089929581,0.6142502427101135,0.5362011790275574,-0.06791973859071732,0.6294825077056885,0.5669528841972351,-0.07146181911230087,0.6435911059379578,0.5932261943817139,-0.07178065925836563
F,0.49485957622528076,0.47863084077835083,5.315052931109676e-07,0.536562979221344,0.4897506535053253,-0.016912875697016716,0.5859301090240479,0.5045697689056396,-0.032606106251478195,0.6220131516456604,0.527440071105957,-0.04719524085521698,0.651324450969696,0.5481431484222412,-0.06183117255568504,0.6332388520240784,0.4603867530822754,-0.03264579549431801,0.6726791858673096,0.5262972116470337,-0.06032916158437729,0.6938686370849609,0.5716722011566162,-0.08238080143928528,0.7058734893798828,0.6077584028244019,-0.0963713526725769,0.6251116991043091,0.4587830901145935,-0.0355401374399662,0.664164662361145,0.5291099548339844,-0.06185891851782799,0.6865401864051819,0.5782271027565002,-0.07734984904527664,0.701478898525238,0.6189911365509033,-0.08712620288133621,0.6112325191497803,0.46701276302337646,-0.04008733108639717,0.6449027061462402,0.5362606644630432,-0.06555459648370743,0.6653926372528076,0.5841015577316284,-0.07531759887933731,0.6802674531936646,0.6237119436264038,-0.07897136360406876,0.5934167504310608,0.48236680030822754,-0.04597370699048042,0.6210390329360962,0.5355522036552429,-0.06592882424592972,0.6371881365776062,0.5719101428985596,-0.07194028049707413,0.6510677933692932,0.6034766435623169,-0.07349555194377899
F,0.46392983198165894,0.09640330076217651,7.750496422431752e-08,0.4719443917274475,0.07871433347463608,-0.0012161850463598967,0.4801539480686188,0.05451294779777527,-0.0014647968346253037,0.48602962493896484,0.037005458027124405,-0.00219273054972291,0.49017202854156494,0.02353624626994133,-0.0025593831669539213,0.4735547602176666,0.04582501947879791,0.0004381484759505838,0.47580501437187195,0.02240649051964283,-0.0052529796957969666,0.47927236557006836,0.005312751978635788,-0.01017063669860363,0.4821743369102478,-0.0076936110854148865,-0.013210500590503216,0.4734329283237457,0.04594558849930763,-0.001839980366639793,0.4772412180900574,0.023208551108837128,-0.006504590157419443,0.481606662273407,0.007375601679086685,-0.010667145252227783,0.48508420586586,-0.0075438618659973145,-0.01321350783109665,0.4755050837993622,0.04700779914855957,-0.004568376578390598,0.47917571663856506,0.025232164189219475,-0.008302034810185432,0.4833133816719055,0.009972214698791504,-0.008652071468532085,0.48633429408073425,-0.0037722960114479065,-0.008355163037776947,0.4792994558811188,0.0487082302570343,-0.007820275612175465,0.48174387216567993,0.030169084668159485,-0.009808085858821869,0.48445039987564087,0.017687683925032616,-0.00858208816498518,0.48665204644203186,0.006904318928718567,-0.007246282417327166
F,0.4689617455005646,0.5252026915550232,2.6764305971482827e-07,0.5084491968154907,0.5396511554718018,-0.009433841332793236,0.5559595823287964,0.5501156449317932,-0.019749309867620468,0.5884918570518494,0.5672597289085388,-0.030491281300783157,0.6121436953544617,0.5887097120285034,-0.041221167892217636,0.5941182971000671,0.49984121322631836,-0.01387189980596304,0.6215932965278625,0.5463578104972839,-0.03213965892791748,0.6375599503517151,0.5795181393623352,-0.04907689616084099,0.6506664752960205,0.608464777469635,-0.061007604002952576,0.5870910882949829,0.4979553818702698,-0.01945118047297001,0.6169871091842651,0.5504205226898193,-0.03797855228185654,0.6344258785247803,0.58596271276474,-0.05117221549153328,0.6484171748161316,0.6187539100646973,-0.059546951204538345,0.5743005275726318,0.5049400329589844,-0.026263447478413582,0.6049274802207947,0.5569643378257751,-0.045019835233688354,0.6218376159667969,0.5903621912002563,-0.0523642934858799,0.6348488926887512,0.6193807125091553,-0.05492372438311577,0.5578556656837463,0.5192946195602417,-0.034100841730833054,0.585512638092041,0.5583537220954895,-0.047993242740631104,0.6023099422454834,0.5845674872398376,-0.05070364102721214,0.6168657541275024,0.6073190569877625,-0.05065377056598663
F,0.4688646197319031,0.5421902537345886,2.983202591622103e-07,0.506760835647583,0.5543742775917053,-0.011238913051784039,0.5554545521736145,0.5593031048774719,-0.022318432107567787,0.5890131592750549,0.5696438550949097,-0.03291822969913483,0.6140913367271423,0.5831487774848938,-0.04338286817073822,0.5896257162094116,0.4985789358615875,-0.018099823966622353,0.6231427192687988,0.551999032497406,-0.04080298915505409,0.6372666954994202,0.5927121043205261,-0.060565583407878876,0.6490293145179749,0.6271871328353882,-0.07415685802698135,0.5840239524841309,0.4972018003463745,-0.02330380491912365,0.6205875277519226,0.5577691197395325,-0.045269060879945755,0.6352550983428955,0.5985382795333862,-0.05870265141129494,0.647891104221344,0.6324746608734131,-0.06724545359611511,0.5730329155921936,0.5069382190704346,-0.0301097072660923,0.6115527749061584,0.5624464154243469,-0.05104025453329086,0.6293482780456543,0.5989221334457397,-0.0568205751478672,0.6428321599960327,0.6289178729057312,-0.05857762321829796,0.558575451374054,0.5257496237754822,-0.03806792199611664,0.5912045240402222,0.5652939677238464,-0.05398929491639137,0.60854572057724,0.5928874015808105,-0.05630864202976227,0.6239553689956665,0.6164267063140869,-0.055888235569000244
F,0.48761656880378723,0.5414161682128906,2.4457122549392807e-07,0.5316299200057983,0.5582983493804932,-0.010253454558551311,0.5822011828422546,0.5661064386367798,-0.0234566330909729,0.616563618183136,0.5776808857917786,-0.03621295839548111,0.6431174874305725,0.5929864645004272,-0.04921897128224373,0.6148976683616638,0.5020318627357483,-0.02342919632792473,0.6402199268341064,0.5555917024612427,-0.04573022201657295,0.6560119390487671,0.5909311771392822,-0.06504080444574356,0.6709566712379456,0.6216757297515869,-0.07900271564722061,0.6048256158828735,0.4972134530544281,-0.03013007901608944,0.635556161403656,0.5559727549552917,-0.05313856527209282,0.6522679328918457,0.593865156173706,-0.0673837885260582,0.6675315499305725,0.6277376413345337,-0.07685092091560364,0.5905340313911438,0.5060946941375732,-0.037790313363075256,0.6257620453834534,0.5579484701156616,-0.06095448136329651,0.6491389870643616,0.5935181975364685,-0.06993666291236877,0.6690353155136108,0.6250476241111755,-0.0740128755569458,0.5747936964035034,0.5258374214172363,-0.04609248787164688,0.6050399541854858,0.5637116432189941,-0.0636107549071312,0.6245777606964111,0.5895889401435852,-0.06831124424934387,0.6434152126312256,0.6122429370880127,-0.07008785009384155
F,0.4993888735771179,0.5167495608329773,2.201703210857886e-07,0.5328512787818909,0.5272391438484192,-0.01854344643652439,0.5822371244430542,0.533780574798584,-0.03492460772395134,0.6191906332969666,0.5482107400894165,-0.04866832494735718,0.650459885597229,0.5637876987457275,-0.06200239062309265,0.6191145777702332,0.47637149691581726,-0.03423014655709267,0.6417081952095032,0.5352796912193298,-0.060300927609205246,0.6545918583869934,0.5755901336669922,-0.0811498686671257,0.6674500107765198,0.609935998916626,-0.09533524513244629,0.6157935857772827,0.47432729601860046,-0.03711516410112381,0.645272970199585,0.5363479852676392,-0.06366662681102753,0.6608510613441467,0.5761643648147583,-0.0783255398273468,0.675396740436554,0.6119142770767212,-0.087295763194561,0.6086230874061584,0.484591007232666,-0.04156496375799179,0.6434683799743652,0.5332611799240112,-0.06772388517856598,0.6643926501274109,0.5650148987770081,-0.07658582925796509,0.6824378371238708,0.5943350791931152,-0.08014049381017685,0.5983219146728516,0.5035454034805298,-0.047226596623659134,0.6277126669883728,0.5395135879516602,-0.06681794673204422,0.6452043056488037,0.5628564357757568,-0.07134581357240677,0.6636731624603271,0.5838285684585571,-0.07251018285751343
F,0.5037974715232849,0.5135818123817444,2.8684226549557934e-07,0.5357814431190491,0.5270509123802185,-0.019185705110430717,0.5827506184577942,0.5357710123062134,-0.03607786074280739,0.6181483268737793,0.5451934933662415,-0.04984947666525841,0.6495355367660522,0.5567246079444885,-0.06295111030340195,0.6177855134010315,0.47401097416877747,-0.03536784648895264,0.6390930414199829,0.5294535160064697,-0.06168760359287262,0.6526758074760437,0.5680166482925415,-0.0829492062330246,0.6644352078437805,0.6022787094116211,-0.09749292582273483,0.6131108403205872,0.4704068899154663,-0.03728870302438736,0.6408224701881409,0.5310330390930176,-0.06490235775709152,0.6554214358329773,0.5727353692054749,-0.0795583426952362,0.6670966744422913,0.6102234721183777,-0.08843918144702911,0.604369580745697,0.48023414611816406,-0.04072153940796852,0.6368194222450256,0.5334420800209045,-0.06677110493183136,0.6563982963562012,0.5712068676948547,-0.07367502152919769,0.671583890914917,0.6042224764823914,-0.0756964236497879,0.5927661061286926,0.49942103028297424,-0.045490413904190063,0.6238595247268677,0.537676215171814,-0.06424257904291153,0.6420349478721619,0.5625485181808472,-0.06788372993469238,0.659113883972168,0.5835073590278625,-0.06843126565217972
F,0.5096608400344849,0.5086413025856018,3.538412158832216e-07,0.5425653457641602,0.5213112831115723,-0.012856409884989262,0.5865910649299622,0.53092360496521,-0.025421632453799248,0.6193187236785889,0.54618239402771,-0.03644608333706856,0.6458798050880432,0.5619323253631592,-0.04657658934593201,0.6219724416732788,0.46320590376853943,-0.021351678296923637,0.6416813731193542,0.5156574249267578,-0.04484176263213158,0.6560444235801697,0.5546934008598328,-0.06636492908000946,0.6660463809967041,0.5897223353385925,-0.0811639353632927,0.6175950169563293,0.45672956109046936,-0.02493579499423504,0.6393083333969116,0.5170691609382629,-0.04727156460285187,0.6539575457572937,0.5593898296356201,-0.060650452971458435,0.6656374931335449,0.5968871712684631,-0.06949091702699661,0.6090139746665955,0.4649249315261841,-0.030063342303037643,0.6364104151725769,0.5201331377029419,-0.051420908421278,0.6535807847976685,0.5578101873397827,-0.05662008747458458,0.6664459109306335,0.5912060141563416,-0.058329492807388306,0.5974782705307007,0.4836699664592743,-0.03657866269350052,0.6234618425369263,0.5261430144309998,-0.05280206725001335,0.6366059184074402,0.5537847876548767,-0.05452185496687889,0.6491777300834656,0.5774914026260376,-0.053713880479335785
F,0.5231054425239563,0.47413644194602966,3.881204690969753e-07,0.5638819932937622,0.4845041036605835,-0.008056692779064178,0.6117463707923889,0.4930209517478943,-0.01938452571630478,0.6462507247924805,0.5125958323478699,-0.031223390251398087,0.671520471572876,0.534572958946228,-0.04326242953538895,0.6481328010559082,0.4401223063468933,-0.020426278933882713,0.6811238527297974,0.4981345534324646,-0.04101058095693588,0.6972752213478088,0.5368680357933044,-0.05843034386634827,0.7070750594139099,0.5694830417633057,-0.0707930475473404,0.6417244672775269,0.43863219022750854,-0.02706674300134182,0.6754038333892822,0.5001758337020874,-0.046187520027160645,0.6924384236335754,0.5392264723777771,-0.05821686610579491,0.7043691873550415,0.572960376739502,-0.06694801896810532,0.6278461813926697,0.446858286857605,-0.034745462238788605,0.6625721454620361,0.5047719478607178,-0.0541064515709877,0.6800562739372253,0.5417370796203613,-0.06085333973169327,0.694061279296875,0.5730670094490051,-0.06422166526317596,0.6094861626625061,0.46350061893463135,-0.043063513934612274,0.6383882761001587,0.5067600607872009,-0.05934074893593788,0.6550270318984985,0.5365765690803528,-0.0632077008485794,0.6698615550994873,0.5629844069480896,-0.064242884516716
F,0.5106529593467712,0.4885697662830353,1.8181390259996988e-07,0.550175130367279,0.4981975555419922,-0.014710935764014721,0.5970512628555298,0.5049235820770264,-0.02888178452849388,0.6311154365539551,0.5212361216545105,-0.0420115664601326,0.6573147773742676,0.5422532558441162,-0.05532236769795418,0.6290836930274963,0.44893527030944824,-0.02851755917072296,0.6540956497192383,0.4933609366416931,-0.05127030238509178,0.6703738570213318,0.5256257653236389,-0.06949765235185623,0.6839148998260498,0.5538392066955566,-0.0820794552564621,0.6141140460968018,0.4500024914741516,-0.032994695007801056,0.6399964690208435,0.4963645339012146,-0.055230990052223206,0.6570428609848022,0.5307942032814026,-0.06778043508529663,0.672264814376831,0.561607301235199,-0.07617095857858658,0.5964018106460571,0.46213674545288086,-0.03899245336651802,0.6248767375946045,0.5015827417373657,-0.06240655854344368,0.6458812355995178,0.5322036743164062,-0.07133927941322327,0.6642705798149109,0.5600491166114807,-0.07515884935855865,0.5796276926994324,0.48301196098327637,-0.0459747314453125,0.6051894426345825,0.5138054490089417,-0.06353509426116943,0.6190080642700195,0.5333328247070312,-0.06823895126581192,0.6319580078125,0.5496915578842163,-0.06991440802812576
F,0.504723072052002,0.49828797578811646,3.9337794532912085e-07,0.5133160948753357,0.4894484281539917,-0.06167011708021164,0.54497891664505,0.47850164771080017,-0.09513875842094421,0.5737993121147156,0.4792150557041168,-0.11879311501979828,0.6016331911087036,0.485282301902771,-0.1418258547782898,0.6138800382614136,0.4471621811389923,-0.0785660669207573,0.644795298576355,0.4768434464931488,-0.11905591934919357,0.6612937450408936,0.513336181640625,-0.15004290640354156,0.6763619184494019,0.5424015522003174,-0.1693522334098816,0.6093987822532654,0.45599663257598877,-0.062299661338329315,0.6426416635513306,0.48542678356170654,-0.10471756756305695,0.6641809940338135,0.5210425853729248,-0.13124015927314758,0.6817468404769897,0.5547562837600708,-0.1460554450750351,0.5989639759063721,0.4694359600543976,-0.05029340460896492,0.6286700367927551,0.5039777159690857,-0.09062923491001129,0.648646891117096,0.5317023396492004,-0.11041741073131561,0.6644958853721619,0.5571770668029785,-0.11803757399320602,0.5856838226318359,0.484554648399353,-0.04249817878007889,0.6108976602554321,0.516933798789978,-0.07419836521148682,0.6267759799957275,0.5381528735160828,-0.08741094917058945,0.6385049819946289,0.555107057094574,-0.09273914247751236
F,0.49301430583000183,0.512203574180603,3.181433783083776e-07,0.5258370637893677,0.5061832070350647,-0.03084547072649002,0.5717448592185974,0.5027478337287903,-0.05024213716387749,0.6094340682029724,0.5168701410293579,-0.06591656804084778,0.6395944356918335,0.539290726184845,-0.08159676939249039,0.6085770726203918,0.45812785625457764,-0.042954590171575546,0.635175883769989,0.4940190315246582,-0.07185035943984985,0.6523994207382202,0.5255729556083679,-0.09470633417367935,0.668144941329956,0.5532775521278381,-0.10953526943922043,0.5931486487388611,0.4640153646469116,-0.04012943431735039,0.6193313598632812,0.5063595175743103,-0.0697031244635582,0.6402013301849365,0.5419826507568359,-0.08704454451799393,0.6584275364875793,0.5747069120407104,-0.09731509536504745,0.5755693912506104,0.47763755917549133,-0.04015029966831207,0.6044109463691711,0.5143448710441589,-0.06820546835660934,0.62799072265625,0.5411102771759033,-0.08059225976467133,0.6471388936042786,0.567219078540802,-0.08574298769235611,0.5584300756454468,0.49590349197387695,-0.042649053037166595,0.5844144225120544,0.5264270901679993,-0.0639067068696022,0.6010314226150513,0.5463405847549438,-0.07121596485376358,0.6148382425308228,0.5634999871253967,-0.07381565123796463
F,0.5258013010025024,0.5027527213096619,3.997376438746869e-07,0.5594964623451233,0.5093499422073364,-0.012843748554587364,0.5986143350601196,0.5188556909561157,-0.023658854886889458,0.6264113783836365,0.5367685556411743,-0.033760469406843185,0.6485676765441895,0.556818962097168,-0.043838221579790115,0.6312322020530701,0.4723803997039795,-0.02278691530227661,0.6519616842269897,0.5198028683662415,-0.0444423072040081,0.662986695766449,0.5532569885253906,-0.06241190433502197,0.6709909439086914,0.5819359421730042,-0.07460258901119232,0.6210824847221375,0.4705745577812195,-0.0256870798766613,0.6381251811981201,0.5245062708854675,-0.04664022475481033,0.6493461728096008,0.5584587454795837,-0.05901821330189705,0.6590641140937805,0.5873408913612366,-0.0675979033112526,0.6062530875205994,0.47771313786506653,-0.03008526749908924,0.6205040812492371,0.5289350152015686,-0.05078918859362602,0.6216282248497009,0.552365243434906,-0.055471573024988174,0.6226539611816406,0.5703738331794739,-0.05681409686803818,0.5884954929351807,0.49145182967185974,-0.03570988029241562,0.5989627838134766,0.5283322930335999,-0.052001845091581345,0.5981928110122681,0.54366534948349,-0.054371606558561325,0.5987126231193542,0.5552449226379395,-0.054127078503370285
F,0.5028860569000244,0.4966268241405487,1.573250187902886e-07,0.549252450466156,0.5072159171104431,-0.002794132335111499,0.5941893458366394,0.5104095935821533,-0.009940795600414276,0.6259161233901978,0.517695963382721,-0.019895559176802635,0.6532555818557739,0.5314082503318787,-0.0296537633985281,0.6270040273666382,0.4650033116340637,-0.001941925729624927,0.6483407616615295,0.5107808709144592,-0.023505618795752525,0.6670773029327393,0.5457561016082764,-0.04394324868917465,0.6824820041656494,0.5774087905883789,-0.05751197412610054,0.6211888790130615,0.4598798155784607,-0.011489832773804665,0.6442561149597168,0.5125030279159546,-0.033239275217056274,0.6641345024108887,0.5494126081466675,-0.04867570474743843,0.681146502494812,0.5834686160087585,-0.0576791875064373,0.6125337481498718,0.46205636858940125,-0.02278299629688263,0.6384062170982361,0.5147767066955566,-0.04545842483639717,0.659619927406311,0.5515434145927429,-0.05446641147136688,0.6777435541152954,0.5840198397636414,-0.05690004304051399,0.6009676456451416,0.47245320677757263,-0.03497462347149849,0.626430869102478,0.5151236057281494,-0.05168868973851204,0.6406582593917847,0.5457010865211487,-0.054890476167201996,0.6542382836341858,0.5719778537750244,-0.054113250225782394
F,0.4976063072681427,0.484031081199646,2.9935029033367755e-07,0.5343345999717712,0.48803210258483887,-0.019622890278697014,0.5833128690719604,0.4914412200450897,-0.034107647836208344,0.6193289756774902,0.5013514161109924,-0.046917643398046494,0.6470344066619873,0.5156722068786621,-0.05969226732850075,0.6214999556541443,0.44865989685058594,-0.03165746107697487,0.6440082788467407,0.5026122331619263,-0.05868197977542877,0.6592656970024109,0.5365416407585144,-0.08035015314817429,0.6748754382133484,0.5668928623199463,-0.09510397166013718,0.6101391315460205,0.4468841254711151,-0.03460956737399101,0.6369585990905762,0.5027824640274048,-0.061015721410512924,0.6553301215171814,0.5353770852088928,-0.07624601572751999,0.6735655665397644,0.5668485164642334,-0.08591815829277039,0.5948913097381592,0.45501449704170227,-0.03975076600909233,0.6226028800010681,0.5061148405075073,-0.06682582199573517,0.6429561376571655,0.5369968414306641,-0.07596044987440109,0.6625695824623108,0.5659101605415344,-0.07948430627584457,0.577709972858429,0.47091683745384216,-0.04662354290485382,0.5998894572257996,0.5155667662620544,-0.0670805275440216,0.6180400252342224,0.5410976409912109,-0.07241816073656082,0.6375236511230469,0.561787486076355,-0.07415581494569778
F,0.5039841532707214,0.4886760413646698,3.089076585638395e-07,0.540661096572876,0.49447280168533325,-0.011361775919795036,0.5887030959129333,0.5017874240875244,-0.02413778565824032,0.6258805394172668,0.5184938311576843,-0.037173930555582047,0.653320848941803,0.5382047891616821,-0.05071823298931122,0.6281110048294067,0.45670703053474426,-0.023933598771691322,0.6560182571411133,0.5051701068878174,-0.049967460334300995,0.6741591691970825,0.5397357940673828,-0.0711863711476326,0.687142014503479,0.5717450976371765,-0.08537518978118896,0.6205489635467529,0.4542987048625946,-0.031111447140574455,0.651248574256897,0.5064292550086975,-0.05612802132964134,0.671374499797821,0.5423053503036499,-0.07104091346263885,0.6861914992332458,0.5761354565620422,-0.08054325729608536,0.6068821549415588,0.462084025144577,-0.03984397277235985,0.6395741701126099,0.5103039145469666,-0.06534349918365479,0.6596913933753967,0.5454023480415344,-0.07337129861116409,0.676210880279541,0.5776899456977844,-0.07634187489748001,0.5893583297729492,0.47786402702331543,-0.049515556544065475,0.6143448948860168,0.5177596211433411,-0.06901422888040543,0.6310267448425293,0.5454599857330322,-0.0725727528333664,0.6468604803085327,0.569993257522583,-0.07289624214172363
F,0.4916512072086334,0.5035452246665955,1.3067550241885328e-07,0.5326161980628967,0.4973832070827484,-0.01601702906191349,0.5769230723381042,0.4932827949523926,-0.03013584576547146,0.6087168455123901,0.49622827768325806,-0.04421139881014824,0.6327474117279053,0.5038012266159058,-0.05853956192731857,0.6097183227539062,0.4503176510334015,-0.026831692084670067,0.6367362141609192,0.4958859086036682,-0.05455182120203972,0.6540236473083496,0.5279432535171509,-0.07702796906232834,0.6710050106048584,0.5556729435920715,-0.09236407279968262,0.6016404032707214,0.4554351270198822,-0.032960426062345505,0.6281148791313171,0.5070803761482239,-0.061510175466537476,0.6466329097747803,0.5427318215370178,-0.07880901545286179,0.6662492156028748,0.5756776332855225,-0.08907131850719452,0.590008556842804,0.4676034152507782,-0.04128911346197128,0.6153537034988403,0.519841194152832,-0.07096018642187119,0.6339647173881531,0.5482965707778931,-0.0829920694231987,0.6531612873077393,0.5730661153793335,-0.08771901577711105,0.5752684473991394,0.4857615530490875,-0.05104440078139305,0.5939898490905762,0.529956579208374,-0.07567647844552994,0.6042024493217468,0.5509256720542908,-0.08316482603549957,0.6155064702033997,0.5662146806716919,-0.08558667451143265
F,0.5078323483467102,0.49008500576019287,2.78663748076724e-07,0.5413609147071838,0.49264204502105713,-0.019428683444857597,0.5906859040260315,0.4985537528991699,-0.03341703489422798,0.6274152398109436,0.516082763671875,-0.04575065150856972,0.6529463529586792,0.5374025702476501,-0.05757219344377518,0.6254116892814636,0.45336881279945374,-0.02548236772418022,0.6534560322761536,0.49997079372406006,-0.04984607174992561,0.6696397662162781,0.5330054759979248,-0.06987836956977844,0.6826320290565491,0.5623214244842529,-0.08302932232618332,0.6200908422470093,0.45157375931739807,-0.026677485555410385,0.6504998207092285,0.504429042339325,-0.05131709948182106,0.6680309176445007,0.5394992828369141,-0.06621570140123367,0.6822758913040161,0.5719976425170898,-0.0748290866613388,0.6099392175674438,0.4582884609699249,-0.030193857848644257,0.6416401267051697,0.508908212184906,-0.054808154702186584,0.6596872210502625,0.5417237281799316,-0.0640246793627739,0.6746907830238342,0.5714429616928101,-0.06676702946424484,0.5965074896812439,0.4713843762874603,-0.03544022887945175,0.6239305138587952,0.5113546848297119,-0.05380558967590332,0.6383625268936157,0.5375344753265381,-0.05864977836608887,0.6520739793777466,0.5600175857543945,-0.05937085673213005
F,0.4969934821128845,0.5106548070907593,1.9721595378996426e-07,0.540636420249939,0.5143932700157166,-0.018420998007059097,0.5921034812927246,0.519692599773407,-0.03468794748187065,0.6294024586677551,0.53111732006073,-0.049806155264377594,0.6620015501976013,0.5473735928535461,-0.06461448222398758,0.6216400265693665,0.46081650257110596,-0.028075149282813072,0.6393648982048035,0.5093407034873962,-0.05478333309292793,0.654556393623352,0.5408289432525635,-0.0772191733121872,0.6683574914932251,0.5677414536476135,-0.09170998632907867,0.607487678527832,0.4596182703971863,-0.03091888315975666,0.6259633898735046,0.5125124454498291,-0.057721272110939026,0.6412845849990845,0.5447397828102112,-0.07481441646814346,0.6545528173446655,0.5741214752197266,-0.085098996758461,0.5910396575927734,0.46803510189056396,-0.0357431061565876,0.6134983897209167,0.5158235430717468,-0.06202714145183563,0.6345620155334473,0.5468471050262451,-0.07258645445108414,0.6521008014678955,0.5746559500694275,-0.07625149935483932,0.5739855170249939,0.4832899868488312,-0.042042337357997894,0.598896861076355,0.517625093460083,-0.06011837720870972,0.615592896938324,0.5414410829544067,-0.06454617530107498,0.6311542391777039,0.5621628761291504,-0.0652579814195633
F,0.5016753673553467,0.5111435055732727,9.449120597082583e-08,0.5471477508544922,0.5222939252853394,-0.008398078382015228,0.5952041149139404,0.5263566970825195,-0.019647279754281044,0.6287127733230591,0.5356735587120056,-0.03166662156581879,0.6581039428710938,0.5510305762290955,-0.04331301897764206,0.6232221722602844,0.4635092616081238,-0.012519991025328636,0.6399803161621094,0.5102220773696899,-0.034763894975185394,0.6505182385444641,0.5406783223152161,-0.0543767511844635,0.6600589156150818,0.5693093538284302,-0.06695400178432465,0.6115466356277466,0.4581933319568634,-0.01980861835181713,0.6284873485565186,0.5137208700180054,-0.042909618467092514,0.6403037905693054,0.5473678708076477,-0.05824240297079086,0.6525565981864929,0.5789331793785095,-0.06709439307451248,0.5965652465820312,0.46268343925476074,-0.02887648530304432,0.6178019046783447,0.5103827714920044,-0.052410539239645004,0.6383516788482666,0.5407825708389282,-0.06290682405233383,0.6580570936203003,0.569269597530365,-0.06685667484998703,0.5798954963684082,0.4750497043132782,-0.038741592317819595,0.6019065976142883,0.5066803097724915,-0.05520923063158989,0.6145241260528564,0.5277760028839111,-0.059063155204057693,0.6278271675109863,0.5467495918273926,-0.05957598611712456
F,0.4926043748855591,0.5085659027099609,7.454104178350462e-08,0.53577721118927,0.5108740925788879,-0.01515263319015503,0.5860022306442261,0.5141127705574036,-0.03000505641102791,0.6220110058784485,0.5300246477127075,-0.044364649802446365,0.6523171663284302,0.5507165193557739,-0.05894589051604271,0.6152479648590088,0.4606056809425354,-0.028110787272453308,0.6329442262649536,0.5066232681274414,-0.052836570888757706,0.644313395023346,0.5398455262184143,-0.0729779601097107,0.6579294800758362,0.5693705677986145,-0.08670400083065033,0.6006077527999878,0.46057721972465515,-0.033443402498960495,0.6160678267478943,0.5155819654464722,-0.06006242707371712,0.629612386226654,0.5521560907363892,-0.07640141248703003,0.6453492641448975,0.5860716104507446,-0.08635983616113663,0.582281231880188,0.46770885586738586,-0.040300458669662476,0.5992068648338318,0.5135853886604309,-0.06619615852832794,0.6179558634757996,0.5450811386108398,-0.07695528864860535,0.6373658776283264,0.5741535425186157,-0.08138839900493622,0.5625576972961426,0.48059728741645813,-0.04838518425822258,0.5769922733306885,0.511137843132019,-0.06770683079957962,0.5861350297927856,0.5294088125228882,-0.07304990291595459,0.5980106592178345,0.544887900352478,-0.07475388795137405
F,0.4967285990715027,0.5102407336235046,2.213459282529584e-07,0.5384079217910767,0.5197135210037231,-0.012592761777341366,0.5874546766281128,0.5196508765220642,-0.021973134949803352,0.621281623840332,0.5229044556617737,-0.030157912522554398,0.6482837796211243,0.5355449318885803,-0.0380728505551815,0.6173579692840576,0.4625754952430725,-0.018703987821936607,0.6398665308952332,0.5062101483345032,-0.0381925143301487,0.6552942395210266,0.5331716537475586,-0.05566763877868652,0.6681064963340759,0.5583688616752625,-0.06761856377124786,0.6052117943763733,0.46071135997772217,-0.022045684978365898,0.6266247630119324,0.5106144547462463,-0.042651399970054626,0.6425684690475464,0.5411285161972046,-0.056774385273456573,0.656257688999176,0.5707165002822876,-0.06519781798124313,0.5891509056091309,0.4697544574737549,-0.02677874080836773,0.6130490303039551,0.5163667798042297,-0.04859030246734619,0.6319061517715454,0.544517993927002,-0.05910864844918251,0.6486861705780029,0.5715256929397583,-0.06355605274438858,0.5713539123535156,0.4861260950565338,-0.032418303191661835,0.5931573510169983,0.5254218578338623,-0.049029551446437836,0.6048162579536438,0.5467758774757385,-0.05407772958278656,0.6163682341575623,0.5650555491447449,-0.05547058954834938
F,0.49548396468162537,0.5096970200538635,2.1388721904713748e-07,0.5365465879440308,0.5230343341827393,-0.012786791659891605,0.5857928991317749,0.5253459811210632,-0.022577565163373947,0.6213357448577881,0.5343590378761292,-0.031614113599061966,0.648807168006897,0.5507028698921204,-0.04024357348680496,0.6195672750473022,0.4639076590538025,-0.01729181408882141,0.644019603729248,0.5124924182891846,-0.03681715950369835,0.6601773500442505,0.5447889566421509,-0.05457450449466705,0.6734274625778198,0.5731899738311768,-0.06656833738088608,0.6073226928710938,0.4623784124851227,-0.020567702129483223,0.6319054365158081,0.5157862901687622,-0.04048310965299606,0.64940345287323,0.5498724579811096,-0.05423430725932121,0.6636133790016174,0.5809217095375061,-0.06276707351207733,0.5914364457130432,0.47134846448898315,-0.02538893185555935,0.6194964647293091,0.5206470489501953,-0.046527199447155,0.6389339566230774,0.552343487739563,-0.0563809871673584,0.6547367572784424,0.5809953808784485,-0.06017667427659035,0.5746671557426453,0.4879646301269531,-0.03125962242484093,0.6029118299484253,0.5261930823326111,-0.046734169125556946,0.6189926266670227,0.5497666597366333,-0.051204532384872437,0.633619487285614,0.5702102780342102,-0.05217684432864189
F,0.4913173317909241,0.5157991647720337,1.3543044019570516e-07,0.5361257791519165,0.5146291255950928,-0.010300057008862495,0.5815548300743103,0.5101200342178345,-0.020447729155421257,0.6143754124641418,0.5151885747909546,-0.030685516074299812,0.638966977596283,0.5297250151634216,-0.04118151590228081,0.6127607226371765,0.45986971259117126,-0.01820092462003231,0.6344819068908691,0.49373218417167664,-0.039393603801727295,0.6511520147323608,0.52486652135849,-0.05879679322242737,0.6648045778274536,0.5534713268280029,-0.0718996450304985,0.59922856092453,0.4696497321128845,-0.024332132190465927,0.6212444305419922,0.5130864977836609,-0.04551123455166817,0.641904890537262,0.546212375164032,-0.06137711927294731,0.6578564047813416,0.5772148966789246,-0.07178834080696106,0.581847608089447,0.4849305748939514,-0.03176664561033249,0.605985164642334,0.5232838988304138,-0.05385010689496994,0.6274800300598145,0.5481526255607605,-0.06547001749277115,0.6432892084121704,0.5712025165557861,-0.0710473358631134,0.5634588599205017,0.5042900443077087,-0.04000670090317726,0.5847569108009338,0.5321070551872253,-0.057149410247802734,0.5956748723983765,0.5466489195823669,-0.06241251528263092,0.6044092774391174,0.5590553283691406,-0.06415612250566483
F,0.49288973212242126,0.5116981863975525,1.5451765023044572e-07,0.528914749622345,0.5025190711021423,-0.01615268364548683,0.5705901980400085,0.49667689204216003,-0.028679361566901207,0.601814329624176,0.5003952383995056,-0.03948715329170227,0.625393271446228,0.5083293914794922,-0.05107676237821579,0.6098973751068115,0.4525899589061737,-0.033462293446063995,0.6283918023109436,0.48942822217941284,-0.05811755731701851,0.6400800347328186,0.5185484886169434,-0.07751258462667465,0.6522958278656006,0.5452836751937866,-0.09028002619743347,0.5959480404853821,0.4665796756744385,-0.03786474093794823,0.6110216379165649,0.5159907937049866,-0.06298638880252838,0.6260631680488586,0.5498107075691223,-0.07864078134298325,0.6391465067863464,0.5797041058540344,-0.08851642161607742,0.5753653645515442,0.4846990704536438,-0.043235186487436295,0.580276608467102,0.5225027203559875,-0.06989415735006332,0.5818840265274048,0.5426481366157532,-0.08092610538005829,0.583560049533844,0.559218168258667,-0.08550581336021423,0.5523326396942139,0.5041029453277588,-0.04955838993191719,0.5433478355407715,0.5323930382728577,-0.07159938663244247,0.5286200046539307,0.5433988571166992,-0.07755914330482483,0.5188115835189819,0.5514935851097107,-0.07901046425104141
F,0.48934173583984375,0.5111437439918518,1.2563425855205423e-07,0.5316909551620483,0.5156992077827454,-0.001408131211064756,0.5790132284164429,0.5130138397216797,-0.007319155614823103,0.6111571788787842,0.5146625638008118,-0.015460262075066566,0.636983335018158,0.5235017538070679,-0.023692525923252106,0.6116429567337036,0.46906033158302307,-0.007512482348829508,0.6349890828132629,0.5068581700325012,-0.027479834854602814,0.6487904787063599,0.5404397249221802,-0.04526939615607262,0.6589731574058533,0.5699861645698547,-0.05679824948310852,0.6038902401924133,0.463647723197937,-0.01673804596066475,0.6277225613594055,0.5093978643417358,-0.036520812660455704,0.6453452706336975,0.5447736978530884,-0.04972138628363609,0.6566964387893677,0.5774902701377869,-0.057597145438194275,0.5913300514221191,0.46660420298576355,-0.02691142074763775,0.6196017265319824,0.5116286873817444,-0.04691635072231293,0.6376939415931702,0.5459365844726562,-0.054080963134765625,0.6504764556884766,0.5762636065483093,-0.05632539093494415,0.5757591128349304,0.4772787392139435,-0.03748350217938423,0.6037915945053101,0.5148708820343018,-0.05254996567964554,0.6191734075546265,0.5426204204559326,-0.05483030155301094,0.6312100291252136,0.5669286251068115,-0.05399639531970024
F,0.49127069115638733,0.5111212730407715,1.4888374266774917e-07,0.533889651298523,0.5092496275901794,-0.013060173951089382,0.5805908441543579,0.5061022043228149,-0.02470015175640583,0.6137101650238037,0.5087971687316895,-0.035622864961624146,0.639718234539032,0.5179060697555542,-0.04641011729836464,0.6105278134346008,0.45806729793548584,-0.022030478343367577,0.629715621471405,0.49786052107810974,-0.044953640550374985,0.6429144740104675,0.5338079333305359,-0.06480496376752853,0.6561089754104614,0.5653261542320251,-0.07783609628677368,0.6002053618431091,0.46008428931236267,-0.02625972591340542,0.6188725233078003,0.512184202671051,-0.05110322684049606,0.6359097361564636,0.5482984185218811,-0.06784061342477798,0.6502293348312378,0.5825477838516235,-0.07770129293203354,0.5860720276832581,0.4687202572822571,-0.03175622224807739,0.6104362607002258,0.5150433778762817,-0.055951640009880066,0.6299594044685364,0.5451900362968445,-0.06587564945220947,0.6450831294059753,0.5738782286643982,-0.06926176697015762,0.5702764391899109,0.48183611035346985,-0.03834152594208717,0.594465970993042,0.5130064487457275,-0.0565258152782917,0.60859215259552,0.5327989459037781,-0.0606347881257534,0.6218881607055664,0.5513002872467041,-0.060550689697265625
F,0.4945707321166992,0.5115583539009094,2.3153720007940137e-07,0.5406410098075867,0.503639280796051,-0.013804891146719456,0.5863295197486877,0.4984493553638458,-0.02471388503909111,0.6160287857055664,0.4982863664627075,-0.03441581875085831,0.6410781741142273,0.5078442692756653,-0.045061562210321426,0.6175884008407593,0.4574907720088959,-0.02864629216492176,0.6317636966705322,0.5000695586204529,-0.051981426775455475,0.6455979347229004,0.5283069610595703,-0.0705718919634819,0.660163938999176,0.5545987486839294,-0.08301249891519547,0.5977104306221008,0.4633917212486267,-0.03394380211830139,0.6115502119064331,0.5194392204284668,-0.05970430746674538,0.6295796036720276,0.5522844195365906,-0.07615672051906586,0.646899938583374,0.5828392505645752,-0.08588315546512604,0.5731989145278931,0.4756971597671509,-0.04015015810728073,0.5838030576705933,0.5211374759674072,-0.06740843504667282,0.600892186164856,0.5427688360214233,-0.08150961995124817,0.61639803647995,0.5623919367790222,-0.0881962850689888,0.5471181869506836,0.49133676290512085,-0.04709513485431671,0.5420501232147217,0.5284708142280579,-0.07048650085926056,0.5334488153457642,0.5426731109619141,-0.07913781702518463,0.5291228890419006,0.5540687441825867,-0.08232193440198898
F,0.4968510568141937,0.5083111524581909,4.041302759105747e-07,0.5384464263916016,0.5023170113563538,-0.0173723753541708,0.5845196843147278,0.5004020929336548,-0.03152455762028694,0.6191809773445129,0.5094653367996216,-0.04440891370177269,0.6462026238441467,0.525525689125061,-0.05851075053215027,0.6202225685119629,0.46406036615371704,-0.03838672116398811,0.6429387331008911,0.5130080580711365,-0.06587066501379013,0.6534156799316406,0.5413304567337036,-0.08629535138607025,0.6646900177001953,0.5673683881759644,-0.09973352402448654,0.5993337035179138,0.469668447971344,-0.04301832988858223,0.6180810332298279,0.5255874395370483,-0.07115406543016434,0.6318244338035583,0.5523024201393127,-0.08851218223571777,0.6450009346008301,0.5766240954399109,-0.09996413439512253,0.5726830959320068,0.48002931475639343,-0.048484914004802704,0.5778618454933167,0.5238641500473022,-0.07624980062246323,0.5675901174545288,0.5338863730430603,-0.08617665618658066,0.5599313974380493,0.5417709350585938,-0.09045257419347763,0.5451127290725708,0.4929039776325226,-0.05518579110503197,0.5363563299179077,0.5279130935668945,-0.07706671208143234,0.5208023190498352,0.538113534450531,-0.08295367658138275,0.5112531781196594,0.5463097095489502,-0.08482357114553452
F,0.5024914145469666,0.5171933174133301,1.7975955302063085e-07,0.5497937202453613,0.5090956687927246,-0.0225960873067379,0.6023135185241699,0.5105071663856506,-0.044812120497226715,0.6365700960159302,0.5256363749504089,-0.06544988602399826,0.6638637781143188,0.5484602451324463,-0.08746544271707535,0.6252264976501465,0.45519736409187317,-0.049939967691898346,0.6535801887512207,0.5005524754524231,-0.0859987884759903,0.6704289317131042,0.538736879825592,-0.11323880404233932,0.6865406632423401,0.5713488459587097,-0.13126656413078308,0.6065496206283569,0.4597775936126709,-0.056017693132162094,0.6304644346237183,0.5082983374595642,-0.0925011858344078,0.6506209373474121,0.54833984375,-0.1127990260720253,0.6704575419425964,0.5834835171699524,-0.12546922266483307,0.5849496126174927,0.47376373410224915,-0.06396717578172684,0.6036677360534668,0.5113514065742493,-0.09956883639097214,0.6263219714164734,0.5429890751838684,-0.1147390604019165,0.6476016640663147,0.5708475112915039,-0.12180062383413315,0.5637693405151367,0.4945654273033142,-0.073171466588974,0.5651359558105469,0.522750198841095,-0.09937784075737,0.5661378502845764,0.5395531058311462,-0.1081167608499527,0.5709946751594543,0.5530155301094055,-0.11239131540060043
F,0.5095023512840271,0.4985372722148895,2.6607847303239396e-07,0.5463446378707886,0.5012549757957458,-0.01102813147008419,0.5932595133781433,0.506337583065033,-0.021837981417775154,0.6285908222198486,0.5194754600524902,-0.032552026212215424,0.6560617685317993,0.5347956418991089,-0.043334994465112686,0.6276964545249939,0.45829641819000244,-0.02010001800954342,0.6498992443084717,0.4986298084259033,-0.04186227545142174,0.6662899255752563,0.5298697352409363,-0.06051257252693176,0.6783950328826904,0.5582334399223328,-0.0728835016489029,0.617422878742218,0.45561397075653076,-0.024917783215641975,0.6386637687683105,0.5025843381881714,-0.04683919996023178,0.656134843826294,0.5367572903633118,-0.06116458401083946,0.669309139251709,0.5682383179664612,-0.07000097632408142,0.6022326350212097,0.4631955921649933,-0.031046034768223763,0.6262031197547913,0.508310079574585,-0.05304573476314545,0.6448748707771301,0.5414029359817505,-0.061383940279483795,0.6604179739952087,0.570836067199707,-0.06447671353816986,0.5848584771156311,0.4777447283267975,-0.03815177455544472,0.6081297397613525,0.512893557548523,-0.05404509976506233,0.6231467723846436,0.536858081817627,-0.05753368139266968,0.636759877204895,0.5582994818687439,-0.05791297182440758
G,0.3101332485675812,0.530692994594574,9.875510897927597e-08,0.304654061794281,0.5245088934898376,-0.010283157229423523,0.29185250401496887,0.5154470205307007,-0.01547608245164156,0.2791875898838043,0.50894695520401,-0.019444268196821213,0.2692760229110718,0.504365086555481,-0.023013485595583916,0.2756156921386719,0.5112349987030029,-0.013030284084379673,0.25423169136047363,0.5011078119277954,-0.022037113085389137,0.2373170703649521,0.4949047267436981,-0.02865258976817131,0.22370386123657227,0.49100613594055176,-0.032752875238657,0.27316737174987793,0.5118470788002014,-0.011907176114618778,0.251706063747406,0.5018461346626282,-0.02093449793756008,0.2344031035900116,0.49564504623413086,-0.026993555948138237,0.21830208599567413,0.4903366267681122,-0.030408727005124092,0.2727053165435791,0.5117765665054321,-0.011461479589343071,0.2539519965648651,0.5018126964569092,-0.018853044137358665,0.2396336793899536,0.49559926986694336,-0.02181445248425007,0.22630874812602997,0.49071675539016724,-0.022865356877446175,0.27374565601348877,0.5117815732955933,-0.0120396688580513,0.25992417335510254,0.5030947923660278,-0.01743774488568306,0.24919725954532623,0.4974595904350281,-0.01888958178460598,0.23965895175933838,0.49230676889419556,-0.019041992723941803
G,0.3100748658180237,0.5372250080108643,8.90731115532617e-08,0.2956121265888214,0.5375776886940002,-0.00551278330385685,0.2768959403038025,0.5285361409187317,-0.007917449809610844,0.26200586557388306,0.5185850858688354,-0.009849034249782562,0.24994169175624847,0.5125292539596558,-0.011524409987032413,0.27329903841018677,0.523162305355072,-0.008384468033909798,0.2510683536529541,0.5145732760429382,-0.0163668692111969,0.23329894244670868,0.5088505744934082,-0.02208513766527176,0.2185584157705307,0.5047301054000854,-0.025588402524590492,0.2742273211479187,0.5198307037353516,-0.00943741388618946,0.2524070739746094,0.5114725232124329,-0.017092540860176086,0.2343767136335373,0.5058280825614929,-0.02260221540927887,0.21821846067905426,0.5009462833404541,-0.025778530165553093,0.2760581970214844,0.5165642499923706,-0.010843748226761818,0.2558111846446991,0.5084332227706909,-0.0175149105489254,0.2395733743906021,0.5032495856285095,-0.020538222044706345,0.2248287945985794,0.49917519092559814,-0.021723097190260887,0.27908024191856384,0.5139405131340027,-0.012813020497560501,0.2635253667831421,0.5069897174835205,-0.018102051690220833,0.25129902362823486,0.5027552247047424,-0.01956305094063282,0.24025888741016388,0.498980849981308,-0.019748317077755928
G,0.31166452169418335,0.5428946614265442,6.504960481379385e-08,0.2991500496864319,0.5426629185676575,-0.004556851461529732,0.2842477262020111,0.5340140461921692,-0.007822544313967228,0.27350836992263794,0.5243222713470459,-0.01096266694366932,0.2652565538883209,0.517905056476593,-0.013945293612778187,0.27232274413108826,0.5257723927497864,-0.007347882259637117,0.2511250376701355,0.5154357552528381,-0.014813201501965523,0.23638325929641724,0.5086188316345215,-0.020403634756803513,0.22511625289916992,0.5035115480422974,-0.023862548172473907,0.27285152673721313,0.5221402645111084,-0.008966333232820034,0.25152018666267395,0.5131569504737854,-0.015869280323386192,0.23630884289741516,0.5072135329246521,-0.020718665793538094,0.22276505827903748,0.5021423101425171,-0.023568501695990562,0.27527278661727905,0.5186290144920349,-0.011006420478224754,0.2557518482208252,0.509605884552002,-0.0167712289839983,0.24231693148612976,0.5040066838264465,-0.018830573186278343,0.2306634783744812,0.4994351267814636,-0.019537996500730515,0.27911576628685,0.5154995918273926,-0.013584344647824764,0.26444631814956665,0.5084229111671448,-0.01762639544904232,0.2544526159763336,0.5040642023086548,-0.017981352284550667,0.2459871768951416,0.5003014802932739,-0.017545592039823532
G,0.36214062571525574,0.861309826374054,1.6543232561616605e-07,0.3495582342147827,0.8263557553291321,0.0015696106711402535,0.3158456087112427,0.8074378371238708,0.006215633358806372,0.29069215059280396,0.802611231803894,0.008940150029957294,0.275583952665329,0.8024187684059143,0.01241648942232132,0.2710172235965729,0.8182598948478699,0.013075560331344604,0.237929567694664,0.7976738214492798,0.009571501985192299,0.2321600317955017,0.7750415205955505,0.004148784093558788,0.23460480570793152,0.7569762468338013,0.001488023204728961,0.2662830948829651,0.8293538689613342,0.01049711648374796,0.23363202810287476,0.8089524507522583,0.010213814675807953,0.2278871387243271,0.7867773771286011,0.006198693532496691,0.22966863214969635,0.7676753401756287,0.0032280145678669214,0.26443755626678467,0.8383930921554565,0.006684915162622929,0.2343865931034088,0.8176746964454651,0.007818748243153095,0.22735901176929474,0.7966176271438599,0.0060415370389819145,0.22712546586990356,0.7788348197937012,0.004370547831058502,0.26538845896720886,0.8452624678611755,0.0022450631950050592,0.2388465404510498,0.8279452323913574,0.005080200731754303,0.22962604463100433,0.8106606006622314,0.007464002352207899,0.22736108303070068,0.7955875396728516,0.009199680760502815
G,0.4005134701728821,0.8527556657791138,8.504535031761407e-08,0.3789827823638916,0.8164448738098145,0.005856719333678484,0.33934593200683594,0.7930827736854553,0.007943227887153625,0.30989545583724976,0.78055739402771,0.006436658091843128,0.2925654649734497,0.768743097782135,0.006668454967439175,0.28234004974365234,0.8129810690879822,0.01192786917090416,0.25337696075439453,0.7681958079338074,0.004933279473334551,0.25856348872184753,0.7408838868141174,-0.001592290005646646,0.27147626876831055,0.7275870442390442,-0.00451306626200676,0.2788706123828888,0.8159566521644592,0.005850696470588446,0.25124379992485046,0.7676168084144592,0.0028998516499996185,0.2589205801486969,0.7434178590774536,-0.0010021247435361147,0.27033260464668274,0.7323404550552368,-0.004114782903343439,0.28093624114990234,0.8132982850074768,-0.0010562536772340536,0.25601452589035034,0.7660027146339417,-0.0006541329203173518,0.2629747986793518,0.7442792057991028,-0.00020714862330351025,0.2734806537628174,0.7347344160079956,-0.0008893877384252846,0.2875427007675171,0.8063340783119202,-0.008237084373831749,0.26687929034233093,0.7686887383460999,-0.0038249329663813114,0.26759177446365356,0.7482281923294067,0.0009241032530553639,0.2727786600589752,0.7384868264198303,0.003925756551325321
G,0.5287631750106812,0.643190860748291,2.7099608246317075e-07,0.5521520972251892,0.6300444602966309,-0.007969883270561695,0.5809728503227234,0.601750910282135,-0.012541715055704117,0.6021052598953247,0.5787869095802307,-0.01567048206925392,0.6178159713745117,0.5580529570579529,-0.019679300487041473,0.5842819213867188,0.6005590558052063,-0.023482704535126686,0.6104349493980408,0.5727756023406982,-0.03951285034418106,0.6335014700889587,0.5523157715797424,-0.051002904772758484,0.6529532670974731,0.5357567071914673,-0.058475177735090256,0.5760369300842285,0.5990309119224548,-0.025865880772471428,0.6015449166297913,0.570544421672821,-0.03980393707752228,0.6213180422782898,0.5487446188926697,-0.04951165243983269,0.6406290531158447,0.5285753011703491,-0.05683086812496185,0.5643999576568604,0.5978664755821228,-0.02811192348599434,0.587040364742279,0.5714101791381836,-0.03966106101870537,0.6031891107559204,0.5511338114738464,-0.04424387589097023,0.6186769008636475,0.5326747894287109,-0.04738761484622955,0.5496063828468323,0.596855103969574,-0.030791686847805977,0.5661584734916687,0.5764704942703247,-0.04120427370071411,0.5793166160583496,0.5631470680236816,-0.044406913220882416,0.5915871262550354,0.550706684589386,-0.04629011079668999
G,0.5173852443695068,0.6494705080986023,2.43252173959263e-07,0.5148108005523682,0.6412920355796814,-0.02234698086977005,0.5221605896949768,0.6214996576309204,-0.034806013107299805,0.5295066833496094,0.6036346554756165,-0.04408685490489006,0.5358638763427734,0.5872734785079956,-0.05272059887647629,0.5639969706535339,0.6056996583938599,-0.026612794026732445,0.5896095037460327,0.5795065760612488,-0.04210912063717842,0.6101148128509521,0.5598774552345276,-0.05466557666659355,0.6261457800865173,0.5437030792236328,-0.06299140304327011,0.5667285323143005,0.6023386716842651,-0.022785909473896027,0.5925206542015076,0.5760056376457214,-0.03624371066689491,0.6095088720321655,0.5557886958122253,-0.04600822553038597,0.6255044937133789,0.5367182493209839,-0.05271107330918312,0.5640037655830383,0.5980983972549438,-0.020828722044825554,0.5862664580345154,0.573533296585083,-0.031025467440485954,0.6003071665763855,0.5535430312156677,-0.03626139834523201,0.6141079664230347,0.5351297855377197,-0.039538271725177765,0.5557566285133362,0.5919992923736572,-0.021124834194779396,0.573367714881897,0.5725019574165344,-0.029101425781846046,0.5852723121643066,0.5570793151855469,-0.03272480145096779,0.5971119403839111,0.543306827545166,-0.0349133275449276
G,0.4973944127559662,0.6037225127220154,2.1277101325267722e-07,0.5089497566223145,0.5783066749572754,-0.013667207211256027,0.5056276917457581,0.5491730570793152,-0.016808193176984787,0.5001994371414185,0.5254783034324646,-0.018247924745082855,0.4921809434890747,0.5096580982208252,-0.018429163843393326,0.47265535593032837,0.5440516471862793,-0.005392913240939379,0.44526782631874084,0.5171889066696167,-0.01180250197649002,0.42518454790115356,0.4960768520832062,-0.01814521662890911,0.40926074981689453,0.48057878017425537,-0.022585267201066017,0.45621854066848755,0.5480450391769409,-0.0013910677516832948,0.42856365442276,0.5223484039306641,-0.007787053007632494,0.4071819484233856,0.5028222799301147,-0.015787398442626,0.3872509002685547,0.48503080010414124,-0.02109113335609436,0.44375890493392944,0.5517643690109253,0.0013239756226539612,0.4188096821308136,0.5276995897293091,-0.003337087342515588,0.4004476070404053,0.5097478032112122,-0.007289015222340822,0.3829594850540161,0.49311256408691406,-0.009495062753558159,0.434347003698349,0.5550233721733093,0.002566129667684436,0.4147605299949646,0.5334488749504089,-0.0007003581849858165,0.3998042345046997,0.5175238847732544,-0.0017679609591141343,0.38705557584762573,0.5025797486305237,-0.001802685554139316
G,0.4847150444984436,0.5998631119728088,1.8907297771875164e-07,0.4928368330001831,0.5761047005653381,-0.013675258494913578,0.4881709814071655,0.5445429086685181,-0.018435724079608917,0.4796099066734314,0.5210513472557068,-0.02147120237350464,0.46835827827453613,0.5048297643661499,-0.023564716801047325,0.4591108560562134,0.5378405451774597,-0.010475450195372105,0.4381975829601288,0.5118579268455505,-0.02098403126001358,0.4228752851486206,0.4909825623035431,-0.029415149241685867,0.41042110323905945,0.47489285469055176,-0.034869372844696045,0.44442296028137207,0.5438727736473083,-0.00792447105050087,0.42313411831855774,0.5193145871162415,-0.0179130882024765,0.4079526364803314,0.49933066964149475,-0.02548198401927948,0.393248051404953,0.4796895682811737,-0.02984096109867096,0.4329664707183838,0.5497406125068665,-0.00669565424323082,0.41236233711242676,0.5272415280342102,-0.015648772940039635,0.39807718992233276,0.5080733895301819,-0.01813674159348011,0.38386470079421997,0.4898502230644226,-0.018386945128440857,0.4247584044933319,0.5554913282394409,-0.00688644964247942,0.40733715891838074,0.5357649922370911,-0.014042424038052559,0.3953137695789337,0.5195128917694092,-0.014909389428794384,0.384826123714447,0.5034353733062744,-0.014067510142922401
G,0.48210254311561584,0.5959210991859436,1.5567017896955804e-07,0.48975250124931335,0.5740699172019958,-0.01704643853008747,0.4820536673069,0.5487259030342102,-0.022708866745233536,0.4712098240852356,0.5298085808753967,-0.025716617703437805,0.4599183201789856,0.5159180164337158,-0.02748543955385685,0.4469226002693176,0.5464150309562683,-0.014962377026677132,0.42156702280044556,0.5228583812713623,-0.024264264851808548,0.4035770893096924,0.5058924555778503,-0.03127473592758179,0.3892064690589905,0.4935567378997803,-0.035676755011081696,0.4375869929790497,0.5494598150253296,-0.009823424741625786,0.4127901792526245,0.5269333720207214,-0.01953815668821335,0.3938656151294708,0.5096743106842041,-0.026722075417637825,0.3763779401779175,0.4939297139644623,-0.030859047546982765,0.43295568227767944,0.5511780977249146,-0.005926684942096472,0.41142737865448,0.5294543504714966,-0.014349336735904217,0.39713001251220703,0.5140487551689148,-0.017613286152482033,0.38367795944213867,0.49994218349456787,-0.01845487765967846,0.4314333200454712,0.5521031022071838,-0.003617017064243555,0.4153042435646057,0.5334068536758423,-0.010047861374914646,0.4038640856742859,0.5198447704315186,-0.011556481011211872,0.3943804204463959,0.5077187418937683,-0.011371100321412086
G,0.46824803948402405,0.5920063257217407,8.202358259268294e-08,0.46146589517593384,0.5660131573677063,-0.0026476304046809673,0.44087642431259155,0.5404077768325806,-0.002361288759857416,0.4234740436077118,0.5242941379547119,-0.0028848424553871155,0.40794405341148376,0.5121375322341919,-0.002594371559098363,0.41929787397384644,0.5419257283210754,0.00441993772983551,0.3957143723964691,0.5222466588020325,-0.0025673494674265385,0.3807304799556732,0.5069451332092285,-0.009239746257662773,0.3690378665924072,0.496136873960495,-0.013423798605799675,0.4163053333759308,0.5443974733352661,0.0021249400451779366,0.39275306463241577,0.5255650877952576,-0.003857118310406804,0.3780052661895752,0.5112924575805664,-0.010019359178841114,0.3645820617675781,0.49970725178718567,-0.013801882043480873,0.4165516495704651,0.5450347661972046,-0.0012260045623406768,0.39425405859947205,0.5259737968444824,-0.006183108314871788,0.38112059235572815,0.5121768712997437,-0.007462008390575647,0.36889761686325073,0.500639796257019,-0.007447891402989626,0.41971519589424133,0.5436038970947266,-0.0053305672481656075,0.4003816545009613,0.5270986557006836,-0.008053770288825035,0.3889700770378113,0.5145442485809326,-0.00693259434774518,0.3798924386501312,0.5040555596351624,-0.005375182721763849
G,0.49371907114982605,0.6045909523963928,2.2842050029225902e-08,0.49986910820007324,0.577829122543335,-0.0030395868234336376,0.489021360874176,0.5497310757637024,-0.0032770014367997646,0.47764813899993896,0.5280085802078247,-0.0037538965698331594,0.4672170877456665,0.5123693943023682,-0.0030178455635905266,0.45441851019859314,0.5424453020095825,0.0033519526477903128,0.4328857362270355,0.5177051424980164,-0.0005120376008562744,0.4207671284675598,0.5025368332862854,-0.00452645355835557,0.41172006726264954,0.49276214838027954,-0.007482981774955988,0.4430825412273407,0.5464128851890564,0.0024016639217734337,0.4210743308067322,0.5237080454826355,-0.0007525512482970953,0.41244742274284363,0.5109688639640808,-0.004050925839692354,0.4048599302768707,0.5009772777557373,-0.006496500223875046,0.4348355531692505,0.5494728088378906,0.0005404314724728465,0.41328758001327515,0.5276983380317688,-0.0015581578481942415,0.40430590510368347,0.5153824687004089,-0.0013678064569830894,0.39594167470932007,0.505498468875885,-0.0012249371502548456,0.43021780252456665,0.5500687956809998,-0.002032758668065071,0.4113064408302307,0.5304473042488098,-0.002423810074105859,0.40230005979537964,0.5183411240577698,-0.00028410734375938773,0.3960040211677551,0.5096915364265442,0.001503216684795916
G,0.4976343810558319,0.5898481011390686,4.545964316093887e-08,0.49789461493492126,0.566252589225769,-0.005776072386652231,0.48630020022392273,0.540230929851532,-0.007199866231530905,0.47341305017471313,0.5202512741088867,-0.008743333630263805,0.459525465965271,0.5071205496788025,-0.009129202924668789,0.4576554596424103,0.5335863828659058,0.001129291602410376,0.4358319640159607,0.5127597451210022,-0.005407082382589579,0.4199548065662384,0.4989670217037201,-0.01148394588381052,0.40713000297546387,0.48933306336402893,-0.01574716903269291,0.45020297169685364,0.5367229580879211,2.249475073767826e-05,0.42838090658187866,0.5180272459983826,-0.00626651244238019,0.4143233001232147,0.5057476162910461,-0.011762119829654694,0.40077874064445496,0.4949737787246704,-0.015264426358044147,0.44499123096466064,0.5389360785484314,-0.0022922197822481394,0.42385604977607727,0.5213320255279541,-0.007812189869582653,0.4106457233428955,0.5094897747039795,-0.008619357831776142,0.3980594873428345,0.4992891848087311,-0.008440308272838593,0.44283729791641235,0.5394898056983948,-0.005700258072465658,0.42383047938346863,0.5239467620849609,-0.009668621234595776,0.41198208928108215,0.5134004950523376,-0.008907314389944077,0.40204763412475586,0.5044673085212708,-0.007487977854907513
G,0.2951667904853821,0.5254917740821838,7.911990707043515e-08,0.2820550203323364,0.5156663060188293,0.0025740067940205336,0.26518070697784424,0.5050764679908752,0.0019013663986697793,0.2531839907169342,0.49573343992233276,-6.793362263124436e-05,0.24251620471477509,0.4912874698638916,-0.0017763706855475903,0.25417762994766235,0.5162596702575684,-0.0008573848754167557,0.23161529004573822,0.5158825516700745,-0.006289201322942972,0.21773403882980347,0.5098184943199158,-0.010158010758459568,0.2095061093568802,0.5044815540313721,-0.011994567699730396,0.2545245289802551,0.5163389444351196,-0.005515486467629671,0.23146510124206543,0.5149759650230408,-0.010296243242919445,0.21838822960853577,0.5061550140380859,-0.01358090341091156,0.21199044585227966,0.497928649187088,-0.01535134669393301,0.25629881024360657,0.5144108533859253,-0.010163815692067146,0.23584184050559998,0.5086880326271057,-0.01395350880920887,0.22537268698215485,0.4986898899078369,-0.015438633970916271,0.22029341757297516,0.4901108741760254,-0.015969593077898026,0.25998565554618835,0.5101503133773804,-0.01467580534517765,0.2454620897769928,0.5029029250144958,-0.016714517027139664,0.23721671104431152,0.49452677369117737,-0.01623338647186756,0.23266562819480896,0.48771095275878906,-0.015455837361514568
G,0.21409118175506592,0.40032243728637695,3.7669920516236743e-08,0.19403278827667236,0.3943032920360565,-0.00273387529887259,0.16995756328105927,0.39387813210487366,-0.0030385248828679323,0.15214422345161438,0.3957008719444275,-0.004036029800772667,0.13727085292339325,0.3969143331050873,-0.004594380967319012,0.15931060910224915,0.40266600251197815,0.0020763881038874388,0.13562215864658356,0.404489129781723,-0.003530592657625675,0.1189190223813057,0.40609878301620483,-0.008729580789804459,0.10495442897081375,0.40788865089416504,-0.01239317748695612,0.15922094881534576,0.4043041169643402,-6.283786206040531e-05,0.13610664010047913,0.406643271446228,-0.005398753099143505,0.11912545561790466,0.40800753235816956,-0.010520799085497856,0.10265962779521942,0.40906527638435364,-0.013990283012390137,0.1602826714515686,0.40480053424835205,-0.0031654105987399817,0.1377243846654892,0.40611696243286133,-0.00812680833041668,0.12190408259630203,0.4067820906639099,-0.010526156984269619,0.10727512836456299,0.4078996777534485,-0.011655843816697598,0.16251204907894135,0.4037853479385376,-0.006864264607429504,0.14389976859092712,0.40440633893013,-0.010430768132209778,0.13147006928920746,0.40451666712760925,-0.011033842340111732,0.12063492834568024,0.4047168493270874,-0.011004570871591568
G,0.2122568041086197,0.4046328067779541,6.377661065926077e-08,0.1971086859703064,0.39835190773010254,-0.006395956035703421,0.17476511001586914,0.39706894755363464,-0.008484212681651115,0.15732628107070923,0.3990113139152527,-0.010320165194571018,0.14310723543167114,0.3997385501861572,-0.011700388044118881,0.16345061361789703,0.40412724018096924,-0.004085433203727007,0.13982288539409637,0.40614527463912964,-0.01138145662844181,0.12241154164075851,0.4080794155597687,-0.017340797930955887,0.10791173577308655,0.4106849431991577,-0.021321505308151245,0.16308771073818207,0.40678903460502625,-0.004628148395568132,0.13978560268878937,0.4084489047527313,-0.011915202252566814,0.12234905362129211,0.41001975536346436,-0.017862454056739807,0.1054283082485199,0.411957323551178,-0.02155143953859806,0.1636752188205719,0.4086645245552063,-0.006078789010643959,0.14114676415920258,0.4095013737678528,-0.012665295042097569,0.125193789601326,0.4101996123790741,-0.015745988115668297,0.1103888750076294,0.41187095642089844,-0.016961900517344475,0.165154829621315,0.41001614928245544,-0.008307554759085178,0.14671921730041504,0.41037270426750183,-0.013249278999865055,0.1337393969297409,0.41014787554740906,-0.014735378324985504,0.12217044830322266,0.41000619530677795,-0.01507552620023489
H,0.375878244638443,0.30433112382888794,5.167560601648802e-08,0.3601086437702179,0.3073092997074127,-0.0007377243600785732,0.3392212688922882,0.3038305938243866,-0.0005522744613699615,0.3249587118625641,0.2993314564228058,-0.0009315984207205474,0.3130169212818146,0.2959047853946686,-0.0008300664485432208,0.3266490697860718,0.29996708035469055,0.0021263633389025927,0.30837321281433105,0.291325181722641,-0.001933193881995976,0.29473739862442017,0.28643596172332764,-0.005783291533589363,0.2832696735858917,0.28383371233940125,-0.008222176693379879,0.32714566588401794,0.2954147756099701,-8.956743840826675e-05,0.30942872166633606,0.2870258092880249,-0.0034537711180746555,0.29539817571640015,0.282478928565979,-0.006944893393665552,0.2827366888523102,0.279264360666275,-0.009120101109147072,0.3288482129573822,0.28990691900253296,-0.002763949567452073,0.31132131814956665,0.28276026248931885,-0.004763363860547543,0.29813677072525024,0.279043972492218,-0.005539008881896734,0.286134272813797,0.2762116491794586,-0.005869536194950342,0.3321211338043213,0.2841827869415283,-0.005894566886126995,0.31652170419692993,0.27976155281066895,-0.006479163188487291,0.30517342686653137,0.277300626039505,-0.005384618416428566,0.29579776525497437,0.274661660194397,-0.004258099943399429
H,0.7805638909339905,0.31247565150260925,9.625130559243189e-08,0.8011642098426819,0.3207355737686157,0.0017744299257174134,0.822636604309082,0.32085734605789185,0.0023421552032232285,0.8380922675132751,0.3199175298213959,0.0016104071401059628,0.85057532787323,0.31733977794647217,0.0005816745688207448,0.82845538854599,0.31498587131500244,0.00234569632448256,0.8497129082679749,0.31390324234962463,-0.0028761769644916058,0.8650374412536621,0.31345808506011963,-0.00763392960652709,0.8773396611213684,0.3133646249771118,-0.010881028138101101,0.8268782496452332,0.3118398189544678,-0.0019014989957213402,0.8492205739021301,0.31063100695610046,-0.006513097323477268,0.865253746509552,0.3105374872684479,-0.010957423597574234,0.8792882561683655,0.31115618348121643,-0.014080832712352276,0.8242643475532532,0.30844035744667053,-0.006506398785859346,0.8453129529953003,0.307574987411499,-0.010571503080427647,0.8596678376197815,0.3077007234096527,-0.012415485456585884,0.8718752264976501,0.3083053529262543,-0.01354131381958723,0.8203451633453369,0.3048517405986786,-0.011173730716109276,0.8358169198036194,0.3032967150211334,-0.014355516992509365,0.8467079401016235,0.3032078444957733,-0.014733289368450642,0.8560909032821655,0.30381250381469727,-0.014771675691008568
H,0.784656822681427,0.3069266676902771,4.6089901672985434e-08,0.8031973838806152,0.316554456949234,0.0016604663105681539,0.8250670433044434,0.3210054337978363,0.00265928590670228,0.8420249223709106,0.3229633867740631,0.0025929168332368135,0.8553599715232849,0.32306087017059326,0.002549058059230447,0.8291516304016113,0.31899499893188477,0.003303790232166648,0.8521835207939148,0.31914979219436646,-0.00046147205284796655,0.8679018616676331,0.3185698688030243,-0.0036576103884726763,0.8798480033874512,0.31786102056503296,-0.005733510944992304,0.8302630186080933,0.3156554102897644,-9.36388605623506e-05,0.8543413877487183,0.3155699670314789,-0.003525145584717393,0.8703247904777527,0.31481409072875977,-0.006792627274990082,0.8840223550796509,0.314186692237854,-0.009115934371948242,0.8309530019760132,0.31132203340530396,-0.003900068113580346,0.8539344668388367,0.3122178614139557,-0.006722626741975546,0.8692970275878906,0.31125932931900024,-0.008281532675027847,0.8816524147987366,0.3101407587528229,-0.009298126213252544,0.8309821486473083,0.3061208426952362,-0.0077500310726463795,0.8490260243415833,0.30664509534835815,-0.009526195004582405,0.860951840877533,0.30685368180274963,-0.009670975618064404,0.8706375956535339,0.3067987561225891,-0.009707764722406864
H,0.7813391089439392,0.30975213646888733,6.349991110710107e-08,0.7974118590354919,0.3178900480270386,0.0013730557402595878,0.8164905905723572,0.3207712173461914,0.0022277121897786856,0.8291316628456116,0.32246872782707214,0.0016990293515846133,0.8400452136993408,0.32139214873313904,0.001242225174792111,0.8300968408584595,0.3104577958583832,0.005596768110990524,0.851091742515564,0.3140556812286377,0.0021287156268954277,0.8647285103797913,0.316510945558548,-0.0016302336007356644,0.8757267594337463,0.31820258498191833,-0.004347757901996374,0.830388605594635,0.3092947006225586,0.0017411403823643923,0.8524198532104492,0.31214937567710876,-0.001649626181460917,0.8668220043182373,0.3145920932292938,-0.0056853871792554855,0.8794466853141785,0.3164609670639038,-0.008587699383497238,0.8295772075653076,0.30936717987060547,-0.0027708166744560003,0.850560188293457,0.3122810125350952,-0.005630225408822298,0.8641940355300903,0.3138851523399353,-0.007724457420408726,0.8756993412971497,0.3145582377910614,-0.009178782813251019,0.8279578685760498,0.3110285997390747,-0.007529144175350666,0.8447449803352356,0.31221744418144226,-0.009428857825696468,0.8556346297264099,0.31297311186790466,-0.009903717786073685,0.8647558093070984,0.3134458661079407,-0.010252661071717739
H,0.7889500260353088,0.3066123425960541,5.9410140806903655e-08,0.8040499091148376,0.3171634376049042,0.0009267282439395785,0.8222129344940186,0.3197702467441559,0.002745138481259346,0.8352352380752563,0.32018792629241943,0.003370105754584074,0.8456674814224243,0.31867626309394836,0.004078461788594723,0.8322387933731079,0.30955371260643005,0.006978129968047142,0.8509154319763184,0.31010088324546814,0.004315486643463373,0.863849937915802,0.31120046973228455,0.00107435486279428,0.8739873170852661,0.31184446811676025,-0.0011601517908275127,0.8329247236251831,0.3066394031047821,0.003975385800004005,0.8523874878883362,0.3068237900733948,0.0014470971655100584,0.8651816248893738,0.30802980065345764,-0.00202575558796525,0.8762625455856323,0.30883902311325073,-0.004324678797274828,0.8327681422233582,0.3039930760860443,0.00019218996749259531,0.851204514503479,0.3044646382331848,-0.002301451750099659,0.8635756969451904,0.3056405186653137,-0.003952668514102697,0.8737968802452087,0.3063555657863617,-0.004809154663234949,0.831771969795227,0.30169564485549927,-0.003866796614602208,0.8471788763999939,0.30135801434516907,-0.00554090877994895,0.8572412729263306,0.30229973793029785,-0.0056068566627800465,0.8655226230621338,0.30349215865135193,-0.0054233381524682045
H,0.785346508026123,0.2999548017978668,7.50154285356075e-08,0.8019792437553406,0.3084831237792969,0.0011411081068217754,0.8239741921424866,0.31015974283218384,0.0027936140540987253,0.8397424221038818,0.31075629591941833,0.003251969814300537,0.8530563712120056,0.31066927313804626,0.0038598545361310244,0.8305150866508484,0.2972167432308197,0.006276384461671114,0.8504404425621033,0.29998061060905457,0.002934342483058572,0.8645247220993042,0.3030729293823242,-0.0008355541503988206,0.8757581114768982,0.3053767681121826,-0.0035805613733828068,0.8305692076683044,0.29576820135116577,0.0031145995017141104,0.850861668586731,0.2984634339809418,0.00024944337201304734,0.8648558259010315,0.30156978964805603,-0.0036231856793165207,0.8777139782905579,0.30413269996643066,-0.0064979856833815575,0.8297163844108582,0.29630333185195923,-0.0007467132527381182,0.8492953181266785,0.29876360297203064,-0.0031524186488240957,0.8627071976661682,0.3010919392108917,-0.004536444321274757,0.8744789958000183,0.30280551314353943,-0.005544524639844894,0.828608512878418,0.29859742522239685,-0.004910285118967295,0.8448898196220398,0.2987317442893982,-0.006673902273178101,0.8560904264450073,0.29970988631248474,-0.006863547023385763,0.8656718730926514,0.3010033369064331,-0.006996607407927513
H,0.7917539477348328,0.3023892939090729,6.07556387421937e-08,0.808544397354126,0.31094565987586975,0.0035685719922184944,0.8269503116607666,0.31194818019866943,0.005374570842832327,0.8393500447273254,0.31139054894447327,0.005379547830671072,0.8498693704605103,0.31051695346832275,0.005358721129596233,0.8347137570381165,0.3011379837989807,0.0073889256455004215,0.8543699979782104,0.3013918101787567,0.0046143196523189545,0.8680309057235718,0.3027510941028595,0.0015017652185633779,0.878696858882904,0.303937166929245,-0.0007403913768939674,0.8352116346359253,0.2991854250431061,0.0028236950747668743,0.8557944297790527,0.29902443289756775,0.00031726519227959216,0.8694290518760681,0.30070099234580994,-0.003015566384419799,0.8810100555419922,0.3023016154766083,-0.0054056765511631966,0.8348915576934814,0.2985590994358063,-0.0021653075236827135,0.8548836708068848,0.29825523495674133,-0.004143355414271355,0.8676400780677795,0.29948684573173523,-0.005406043026596308,0.8779102563858032,0.3005821704864502,-0.006354238372296095,0.8341041207313538,0.29939374327659607,-0.007207885384559631,0.8498721718788147,0.2975785732269287,-0.008408160880208015,0.8603723645210266,0.29771745204925537,-0.008288178592920303,0.8690720796585083,0.29841482639312744,-0.008229721337556839
H,0.7788777351379395,0.31437236070632935,5.041327355570502e-08,0.80085289478302,0.3245616555213928,0.003543818136677146,0.8226115703582764,0.32770150899887085,0.0050117941573262215,0.838236927986145,0.32820937037467957,0.0045822360552847385,0.8506249785423279,0.32696616649627686,0.003896457375958562,0.8311300277709961,0.3279084265232086,0.007209716364741325,0.854301929473877,0.3268701136112213,0.003276828210800886,0.8705832958221436,0.3256169557571411,-0.0008428572327829897,0.8838829398155212,0.3239331841468811,-0.003744712332263589,0.8312789797782898,0.324308842420578,0.001959003508090973,0.8554217219352722,0.3233054280281067,-0.0016938620246946812,0.8717961311340332,0.32249724864959717,-0.005708766635507345,0.8864688873291016,0.3216222822666168,-0.008528273552656174,0.8304405808448792,0.3186434507369995,-0.0038316783029586077,0.8537549376487732,0.3178802728652954,-0.006652231328189373,0.8694877028465271,0.31724241375923157,-0.00821725931018591,0.88265061378479,0.31677931547164917,-0.009187457151710987,0.8289178013801575,0.31137001514434814,-0.00973522663116455,0.8482498526573181,0.31035640835762024,-0.01140733901411295,0.8606237769126892,0.31042060256004333,-0.011245536617934704,0.8708336353302002,0.31054988503456116,-0.01103510893881321
H,0.7897776365280151,0.3118732273578644,5.874354513935032e-08,0.8085645437240601,0.3222688138484955,0.0032734384294599295,0.8282376527786255,0.32561904191970825,0.0044129821471869946,0.842634916305542,0.32695475220680237,0.0040234774351119995,0.8539860844612122,0.325821191072464,0.0032649983186274767,0.8376144766807556,0.32200518250465393,0.004562926944345236,0.8593015670776367,0.3218839466571808,0.0011810570722445846,0.8735440373420715,0.32155123353004456,-0.0021241558715701103,0.8846263885498047,0.32141637802124023,-0.004442094825208187,0.8375692367553711,0.31879928708076477,-9.871397924143821e-05,0.8601423501968384,0.3184484541416168,-0.0030426394660025835,0.8747144341468811,0.3185555636882782,-0.006315882783383131,0.8866090178489685,0.31885993480682373,-0.008766400627791882,0.8361608386039734,0.3142390847206116,-0.005062156356871128,0.8576415181159973,0.3136920928955078,-0.0075240773148834705,0.8710150122642517,0.3135269582271576,-0.00885244831442833,0.8815450668334961,0.3136025667190552,-0.009929001331329346,0.8334938287734985,0.3089163601398468,-0.009989030659198761,0.850089430809021,0.3077385723590851,-0.011799177154898643,0.8608260154724121,0.3073948919773102,-0.011796707287430763,0.8694140315055847,0.30738580226898193,-0.011814591474831104
H,0.7890607714653015,0.31888800859451294,4.462843250507831e-08,0.8092591166496277,0.3287907540798187,0.004349172115325928,0.8294012546539307,0.3315339982509613,0.0059377397410571575,0.8434085249900818,0.3319890797138214,0.00565604493021965,0.8538650870323181,0.3306388556957245,0.004681348334997892,0.8383938670158386,0.3290717899799347,0.005040614400058985,0.8599468469619751,0.3279586732387543,0.0013319913996383548,0.8744413256645203,0.3264963924884796,-0.0023604079615324736,0.8855963349342346,0.3255244493484497,-0.005039510782808065,0.8378297686576843,0.32698923349380493,-0.0006482336902990937,0.8614680767059326,0.32592082023620605,-0.003831335576251149,0.8765544295310974,0.32474392652511597,-0.007741093635559082,0.8889680504798889,0.32421600818634033,-0.010763228870928288,0.8351272344589233,0.3230413496494293,-0.006577087100595236,0.857413113117218,0.3222728669643402,-0.009669880382716656,0.8716868758201599,0.321187824010849,-0.01204642653465271,0.8829554915428162,0.3209978938102722,-0.014006415382027626,0.8303532600402832,0.31688550114631653,-0.01227086316794157,0.8457340002059937,0.3139772415161133,-0.014884314499795437,0.8557865023612976,0.31319689750671387,-0.015343863517045975,0.8640342950820923,0.3135007321834564,-0.015777399763464928
H,0.791829526424408,0.31697943806648254,6.151574183377306e-08,0.8102788925170898,0.3273894488811493,0.0014999725390225649,0.8309192061424255,0.3300451934337616,0.0028000418096780777,0.8458095192909241,0.3304535448551178,0.002789424965158105,0.8580777049064636,0.3299219608306885,0.002746428130194545,0.8402840495109558,0.32356083393096924,0.005629056598991156,0.8616927266120911,0.3240121901035309,0.002077362732961774,0.8762409090995789,0.3244825303554535,-0.0017503302078694105,0.8877833485603333,0.32493239641189575,-0.004387724678963423,0.8400930762290955,0.321242094039917,0.0020668806973844767,0.8618001341819763,0.3215597867965698,-0.001042891526594758,0.8768657445907593,0.3222185969352722,-0.0049118418246507645,0.890066385269165,0.322958767414093,-0.007665810640901327,0.8389352560043335,0.31911343336105347,-0.0021441078279167414,0.8594143390655518,0.3195958733558655,-0.004719194490462542,0.873343825340271,0.31999579071998596,-0.00625229487195611,0.8847341537475586,0.32024142146110535,-0.007211696356534958,0.836945652961731,0.3174368143081665,-0.006600872613489628,0.853418231010437,0.3171471655368805,-0.008259078487753868,0.8644804358482361,0.3174719512462616,-0.008254541084170341,0.8733725547790527,0.3179604411125183,-0.008119898848235607
H,0.7959871888160706,0.3183344602584839,7.188357642462506e-08,0.8145359754562378,0.3277069330215454,0.004102655220776796,0.834463894367218,0.3319431245326996,0.0050739143043756485,0.8480278849601746,0.336012601852417,0.004015188664197922,0.8593580722808838,0.33764466643333435,0.0028104933444410563,0.8471927046775818,0.32067054510116577,0.007985471747815609,0.8685078024864197,0.32297173142433167,0.004791536834090948,0.8820218443870544,0.3257313370704651,0.0008324396330863237,0.892788290977478,0.3283050060272217,-0.0020393109880387783,0.8470801711082458,0.32015544176101685,0.002579915337264538,0.8693190813064575,0.322348952293396,0.0001969829318113625,0.8830662369728088,0.3257984220981598,-0.0036177842412143946,0.8948448896408081,0.3288618326187134,-0.006539475172758102,0.8452816009521484,0.3207974433898926,-0.0032644104212522507,0.8663842678070068,0.3224349617958069,-0.004914805758744478,0.8789615631103516,0.325160413980484,-0.005657421424984932,0.8895004987716675,0.3273964822292328,-0.00653308117762208,0.842293381690979,0.3232998251914978,-0.009183032438158989,0.8586322069168091,0.3224962055683136,-0.00968984980136156,0.868780791759491,0.3233480155467987,-0.00846173707395792,0.8769945502281189,0.3246774971485138,-0.007789870258420706
H,0.35926902294158936,0.18034392595291138,2.0012819845760532e-08,0.3356097340583801,0.1810292750597,-0.0009827417088672519,0.3060961067676544,0.18033847212791443,-0.001657723682001233,0.2836384177207947,0.18045273423194885,-0.0032014327589422464,0.2658155858516693,0.1811058521270752,-0.004129529930651188,0.2917987108230591,0.16551713645458221,0.0028619160875678062,0.26109224557876587,0.1628728210926056,-0.0020705878268927336,0.24098551273345947,0.16371600329875946,-0.007170956581830978,0.22469624876976013,0.1656036674976349,-0.010827936232089996,0.2922641336917877,0.16790176928043365,-0.0005368302809074521,0.26287177205085754,0.16557955741882324,-0.004385445732623339,0.2437485307455063,0.16576549410820007,-0.008727680891752243,0.22760102152824402,0.16652867197990417,-0.012044260278344154,0.294004887342453,0.17234085500240326,-0.00475112721323967,0.2662210166454315,0.16997721791267395,-0.007138868328183889,0.24873623251914978,0.16988541185855865,-0.007739002350717783,0.2340436428785324,0.16964110732078552,-0.008499941788613796,0.29622337222099304,0.17806483805179596,-0.009568474255502224,0.27299198508262634,0.1767297089099884,-0.01090962253510952,0.2584212124347687,0.1759725958108902,-0.009884949773550034,0.2462579756975174,0.17520643770694733,-0.00907208863645792
H,0.3319358825683594,0.2911359667778015,4.085416662746866e-07,0.332136869430542,0.30209705233573914,-0.044790830463171005,0.34245193004608154,0.3086563050746918,-0.07012645155191422,0.356781542301178,0.31395721435546875,-0.08957670629024506,0.37034133076667786,0.31959354877471924,-0.10776626318693161,0.40845268964767456,0.28421691060066223,-0.05209950730204582,0.45092615485191345,0.27356237173080444,-0.07725314795970917,0.48711705207824707,0.26225173473358154,-0.09644473344087601,0.5176700949668884,0.251758873462677,-0.1088394895195961,0.41318583488464355,0.27396920323371887,-0.040516555309295654,0.4562728703022003,0.25990030169487,-0.06560802459716797,0.4949888586997986,0.24719537794589996,-0.08339488506317139,0.5301386117935181,0.23564106225967407,-0.09404980391263962,0.4165571928024292,0.26729604601860046,-0.03153090551495552,0.45695972442626953,0.25499409437179565,-0.05100731924176216,0.49054837226867676,0.24399273097515106,-0.061102040112018585,0.5215449929237366,0.23464632034301758,-0.06568876653909683,0.41809290647506714,0.262837290763855,-0.026625018566846848,0.45109766721725464,0.254305899143219,-0.03982353210449219,0.4779043197631836,0.24677611887454987,-0.045374367386102676,0.5020002722740173,0.24177420139312744,-0.04745243489742279
H,0.44650325179100037,0.29856258630752563,-2.304574309164309e-08,0.4348352551460266,0.33681216835975647,-0.0013521264772862196,0.4154694080352783,0.3695966303348541,-0.0025254657957702875,0.3997954726219177,0.39266055822372437,-0.004938163328915834,0.3896338641643524,0.4113997519016266,-0.0076378448866307735,0.3795170783996582,0.36850759387016296,-0.003007296472787857,0.3651994466781616,0.3941081762313843,-0.011635241098701954,0.36301371455192566,0.41669780015945435,-0.01998412422835827,0.36315596103668213,0.4357515871524811,-0.026150934398174286,0.3797745108604431,0.3574909567832947,-0.008211864158511162,0.3713691234588623,0.3848085403442383,-0.013882420025765896,0.3733077347278595,0.4069662094116211,-0.020096877589821815,0.3773924708366394,0.42534518241882324,-0.025533484295010567,0.38584384322166443,0.34402579069137573,-0.013900203630328178,0.38301214575767517,0.36796295642852783,-0.019698409363627434,0.390296995639801,0.3828118145465851,-0.02064688690006733,0.39871469140052795,0.3926931917667389,-0.021534457802772522,0.39711567759513855,0.3283272981643677,-0.02015797793865204,0.39678260684013367,0.34729230403900146,-0.025429027155041695,0.40459829568862915,0.3580266833305359,-0.024525782093405724,0.41479021310806274,0.3649105131626129,-0.0232497900724411
H,0.4986206293106079,0.5555711984634399,-1.0576895448366486e-07,0.4946064352989197,0.535919189453125,-0.009452473372220993,0.4910614490509033,0.5118454098701477,-0.015164230950176716,0.4894450902938843,0.4933548867702484,-0.022126205265522003,0.48384779691696167,0.48252072930336,-0.026936963200569153,0.4937995374202728,0.4668724834918976,0.006357981823384762,0.49841776490211487,0.44134050607681274,-0.005818374454975128,0.49706172943115234,0.4532749056816101,-0.016531581059098244,0.49530917406082153,0.46558067202568054,-0.022099889814853668,0.5042741894721985,0.46556490659713745,0.00524619547650218,0.5083546042442322,0.44240084290504456,-0.006278560031205416,0.5065380334854126,0.45604318380355835,-0.014337279833853245,0.5032698512077332,0.46931901574134827,-0.01726364903151989,0.5142518281936646,0.4670375883579254,0.0010693974327296019,0.5169338583946228,0.44655492901802063,-0.007047418039292097,0.5141313672065735,0.4581083655357361,-0.007866944186389446,0.5099924802780151,0.46973153948783875,-0.006105319131165743,0.5236974358558655,0.4711880087852478,-0.004614808596670628,0.5272583961486816,0.45284944772720337,-0.006407853215932846,0.524051308631897,0.46060341596603394,-0.0033233228605240583,0.5202698707580566,0.4695573151111603,0.0001722184824757278
H,0.610595166683197,0.26211827993392944,8.878955526370191e-08,0.6304787397384644,0.26622697710990906,0.0013917936012148857,0.6520851850509644,0.26788151264190674,0.0028626583516597748,0.6682928204536438,0.2684541642665863,0.0030076021794229746,0.680772066116333,0.2677246928215027,0.003488937858492136,0.658798098564148,0.2613442540168762,0.006223035044968128,0.6800071001052856,0.25920477509498596,0.002215652260929346,0.695740282535553,0.258606493473053,-0.0019680701661854982,0.7089393734931946,0.25805744528770447,-0.004532052669674158,0.6592373847961426,0.2601640820503235,0.0030751621816307306,0.6803926825523376,0.25850480794906616,0.00011038938828278333,0.6959210634231567,0.2585733234882355,-0.0036676819436252117,0.7102186679840088,0.25908607244491577,-0.005985296797007322,0.6592480540275574,0.2598663568496704,-0.0005749438423663378,0.6798814535140991,0.25872406363487244,-0.0033047066535800695,0.6947340965270996,0.25857865810394287,-0.004625597037374973,0.7076317071914673,0.2584965229034424,-0.004912255797535181,0.6585372686386108,0.2605176568031311,-0.0044941711239516735,0.6766870021820068,0.2586999833583832,-0.005891747307032347,0.6891301870346069,0.25856921076774597,-0.00519009493291378,0.6998814940452576,0.2593548893928528,-0.004142899997532368
H,0.8259098529815674,0.26781749725341797,1.376023988086672e-07,0.840579092502594,0.2778076231479645,-0.004667737055569887,0.8646201491355896,0.2800533175468445,-0.006252588238567114,0.8832849264144897,0.27911481261253357,-0.008057092316448689,0.8986544609069824,0.2767109274864197,-0.009734716266393661,0.8756712079048157,0.27023807168006897,-0.0028571411967277527,0.8987329602241516,0.2704792618751526,-0.009968318045139313,0.9164906740188599,0.27173250913619995,-0.016162527725100517,0.9312857985496521,0.27303314208984375,-0.020238636061549187,0.8754561543464661,0.26665830612182617,-0.004574207589030266,0.8996933102607727,0.26581719517707825,-0.011609693057835102,0.9208049774169922,0.26662877202033997,-0.018145298585295677,0.9390190839767456,0.2677977383136749,-0.02227420173585415,0.8743133544921875,0.26401281356811523,-0.007029739208519459,0.8977733254432678,0.2643493115901947,-0.013899520970880985,0.9167177081108093,0.26573824882507324,-0.01803690940141678,0.933198094367981,0.2663367986679077,-0.01990804634988308,0.8714951872825623,0.2626248598098755,-0.009958025999367237,0.8902900218963623,0.2642904222011566,-0.015778394415974617,0.9051500558853149,0.2658897340297699,-0.017914075404405594,0.9179620146751404,0.26760348677635193,-0.01852908916771412
I,0.8395161032676697,0.6063873171806335,5.408735859191438e-08,0.868161141872406,0.6114774942398071,0.009966949000954628,0.8919389843940735,0.6090753078460693,0.012978244572877884,0.9079393148422241,0.6083317995071411,0.01238204725086689,0.9214282631874084,0.6067392230033875,0.011585701256990433,0.9001104831695557,0.5908472537994385,0.01466160174459219,0.9257447719573975,0.588668167591095,0.011538338847458363,0.9418922662734985,0.5900949835777283,0.007550677750259638,0.9543430209159851,0.5927503108978271,0.0048349094577133656,0.8998763561248779,0.5895067453384399,0.005883064586669207,0.9279807806015015,0.5872094631195068,0.003476369194686413,0.9446965456008911,0.5902382135391235,-1.4693880075355992e-05,0.9570456743240356,0.5947278141975403,-0.0025904045905917883,0.898382842540741,0.5899524092674255,-0.003306623315438628,0.9256378412246704,0.5874285101890564,-0.004493861924856901,0.9420375227928162,0.5893643498420715,-0.005000055767595768,0.9544057846069336,0.5928308367729187,-0.005923391319811344,0.8961673974990845,0.5931379199028015,-0.012237191200256348,0.9170522689819336,0.5884143114089966,-0.01236974261701107,0.9310933351516724,0.5872335433959961,-0.011129503138363361,0.9423177242279053,0.5877509117126465,-0.010605416260659695
I,0.8378440141677856,0.6068390607833862,6.763976045931486e-08,0.8644270300865173,0.6114668846130371,0.007836705073714256,0.8883571624755859,0.608744204044342,0.010641207918524742,0.9038529992103577,0.6072503924369812,0.010385913774371147,0.916254997253418,0.6043188571929932,0.010067538358271122,0.8968660235404968,0.5920273661613464,0.013384888879954815,0.9221996068954468,0.5897985100746155,0.01015376765280962,0.9385629892349243,0.5906336307525635,0.006024110596626997,0.9511836767196655,0.5927044749259949,0.0032316783908754587,0.8971925973892212,0.5899197459220886,0.005874380003660917,0.9246029257774353,0.5869725942611694,0.0033221160992980003,0.9417057037353516,0.589019775390625,-0.0005648013320751488,0.9550880193710327,0.5926896333694458,-0.003388721030205488,0.8961255550384521,0.5894073247909546,-0.002201335271820426,0.922642707824707,0.586171567440033,-0.0037516828160732985,0.939281702041626,0.5873406529426575,-0.005075573921203613,0.9522000551223755,0.5900574922561646,-0.006430312525480986,0.8940479755401611,0.5914320945739746,-0.010148556903004646,0.9146875739097595,0.586561918258667,-0.010613466612994671,0.9286487698554993,0.5850335955619812,-0.009966823272407055,0.940108597278595,0.5852905511856079,-0.009834361262619495
I,0.835951030254364,0.6025433540344238,6.469162627809055e-08,0.8589443564414978,0.6088100671768188,0.005824322812259197,0.8813223242759705,0.6068663597106934,0.006502780597656965,0.8952634930610657,0.605746328830719,0.004512918647378683,0.9076983332633972,0.6051151156425476,0.002354475436732173,0.8954859972000122,0.5843164920806885,0.0076364087872207165,0.9207859635353088,0.5829893946647644,0.002173288259655237,0.937227725982666,0.5873201489448547,-0.003307065460830927,0.9493851065635681,0.5922734141349792,-0.006711103022098541,0.8956542015075684,0.58439701795578,0.0008237680303864181,0.9224851131439209,0.5827776789665222,-0.0028666232246905565,0.9393114447593689,0.5874601602554321,-0.00664666248485446,0.9523791670799255,0.5930425524711609,-0.009457900188863277,0.8948411345481873,0.5873215198516846,-0.0064712087623775005,0.9213441610336304,0.5853360891342163,-0.008888894692063332,0.9376137852668762,0.588290274143219,-0.009248864836990833,0.9502881765365601,0.5921947956085205,-0.009747758507728577,0.8935421109199524,0.5931198596954346,-0.013736710883677006,0.9143415689468384,0.5887912511825562,-0.014337118715047836,0.9286051392555237,0.5894463658332825,-0.012570660561323166,0.9396305084228516,0.5915482044219971,-0.011463696137070656
J,0.7725278735160828,0.026303119957447052,1.6760860432896152e-07,0.7642529010772705,0.05998283624649048,-0.0030967695638537407,0.771835446357727,0.09636717289686203,-0.004151313100010157,0.7789288759231567,0.12044022232294083,-0.006414341274648905,0.78377366065979,0.1364120990037918,-0.008585033938288689,0.8134829998016357,0.11369641870260239,0.004522455390542746,0.82465660572052,0.15207204222679138,-0.002970166737213731,0.8272305727005005,0.17775192856788635,-0.011381988413631916,0.8284459114074707,0.19655510783195496,-0.017061177641153336,0.8172799944877625,0.11204458773136139,0.0007535914774052799,0.8284273147583008,0.151618093252182,-0.004286060109734535,0.8308716416358948,0.1763455867767334,-0.01085783913731575,0.8337470889091492,0.19593998789787292,-0.015829449519515038,0.8178988099098206,0.10935378074645996,-0.004407885018736124,0.8281463980674744,0.14505316317081451,-0.0077743870206177235,0.8309959173202515,0.1694793701171875,-0.008685103617608547,0.8338979482650757,0.18886594474315643,-0.009559821337461472,0.8149430751800537,0.10511066764593124,-0.010746692307293415,0.8256913423538208,0.1337641477584839,-0.011246191337704659,0.8289278745651245,0.1548173725605011,-0.008523275144398212,0.8301774859428406,0.17101211845874786,-0.006702458951622248
J,0.268684446811676,0.17917115986347198,3.087484046204736e-08,0.26376840472221375,0.15889589488506317,0.004257660824805498,0.2532540559768677,0.13624383509159088,0.005646146833896637,0.2438005656003952,0.1205008327960968,0.005338893737643957,0.23605532944202423,0.11155566573143005,0.005188592243939638,0.2505043148994446,0.1215672418475151,0.007290537003427744,0.24773454666137695,0.09777668863534927,0.005381805822253227,0.2454266995191574,0.08325392007827759,0.0025166054256260395,0.24247822165489197,0.07228300720453262,0.00046373248915188015,0.24817855656147003,0.12262355536222458,0.003195757744833827,0.24468885362148285,0.09874967485666275,0.0022465966176241636,0.24190159142017365,0.08559439331293106,0.00021451714565046132,0.23881188035011292,0.07542898505926132,-0.0013669886393472552,0.24626286327838898,0.12489750236272812,-0.0010374800767749548,0.2436266839504242,0.10166342556476593,-0.0003960532194469124,0.24232272803783417,0.09007041156291962,0.0004574887570925057,0.24079209566116333,0.08143700659275055,0.0005709012621082366,0.2452174425125122,0.12852905690670013,-0.005318731535226107,0.24471832811832428,0.1100662499666214,-0.0035543732810765505,0.24486923217773438,0.0996498167514801,-0.0008827124838717282,0.24495938420295715,0.09171117097139359,0.0009625556413084269
J,0.5901656746864319,0.17415107786655426,-2.3623747438250575e-06,0.5053978562355042,0.20628628134727478,-0.07000220566987991,0.4209868907928467,0.2664640247821808,-0.15145038068294525,0.37271273136138916,0.3544059097766876,-0.2287050485610962,0.34897786378860474,0.41901350021362305,-0.3105636239051819,0.46921584010124207,0.16261973977088928,-0.2130371630191803,0.41019153594970703,0.34436649084091187,-0.3116537034511566,0.3636588752269745,0.4898453950881958,-0.36783233284950256,0.3277260363101959,0.594471275806427,-0.39492693543434143,0.5465372800827026,0.15098409354686737,-0.21819131076335907,0.4658203423023224,0.37031465768814087,-0.3037261664867401,0.4037998914718628,0.5291151404380798,-0.3309593200683594,0.35536736249923706,0.6415929198265076,-0.34781455993652344,0.6196985244750977,0.15863986313343048,-0.21846382319927216,0.5366348028182983,0.3716641962528229,-0.2991132140159607,0.48160693049430847,0.5190896391868591,-0.2917742431163788,0.43984758853912354,0.6208475232124329,-0.27820760011672974,0.6800365447998047,0.18865153193473816,-0.22288165986537933,0.6268613338470459,0.33923763036727905,-0.2679174244403839,0.5849223732948303,0.4446674585342407,-0.24088376760482788,0.5525976419448853,0.5208610892295837,-0.21659143269062042
J,0.17112985253334045,0.3386904299259186,1.0880970080506813e-07,0.19445104897022247,0.32676172256469727,-0.0012310703750699759,0.21771441400051117,0.3005514144897461,-0.002191803650930524,0.2318434864282608,0.27895331382751465,-0.0033651310950517654,0.2412535697221756,0.2613063454627991,-0.00479059899225831,0.2262880504131317,0.2956388592720032,-0.0038699207361787558,0.24831503629684448,0.2717670500278473,-0.01136639341711998,0.2633177638053894,0.2552812099456787,-0.01790047250688076,0.2743770182132721,0.24167121946811676,-0.022276902571320534,0.2192625105381012,0.29084908962249756,-0.006709353998303413,0.24135257303714752,0.2672426104545593,-0.011783435009419918,0.2549290955066681,0.25131258368492126,-0.016366316005587578,0.2676839530467987,0.23661640286445618,-0.020139601081609726,0.20956821739673615,0.28592345118522644,-0.009814050979912281,0.23045498132705688,0.26399433612823486,-0.01324059534817934,0.24430763721466064,0.2492012232542038,-0.013841361738741398,0.25695106387138367,0.23635533452033997,-0.014738650061190128,0.19769304990768433,0.28071603178977966,-0.01319863647222519,0.21552950143814087,0.263641893863678,-0.015522987581789494,0.22809188067913055,0.25306883454322815,-0.014499668963253498,0.2389662116765976,0.2437746524810791,-0.013800888322293758
J,0.7388468980789185,0.7501415014266968,1.060516297002323e-07,0.7491623759269714,0.7770653367042542,-0.0028972525615245104,0.7686673998832703,0.7983391284942627,-0.0018072320381179452,0.7843397259712219,0.8111012578010559,-0.0009577057207934558,0.7984936833381653,0.8187555074691772,0.0007518362835980952,0.798947274684906,0.7887815237045288,0.006678396370261908,0.8249706625938416,0.8032249808311462,0.0037732745986431837,0.8404390811920166,0.8137181997299194,-0.0009030187502503395,0.8529081344604492,0.8212884068489075,-0.004219790920615196,0.8033432960510254,0.7835548520088196,0.006535775493830442,0.8285037279129028,0.7981759905815125,0.004656674340367317,0.8425194621086121,0.8088545203208923,-0.00019592224271036685,0.8552328944206238,0.8184980154037476,-0.0038580785039812326,0.8041059374809265,0.780798077583313,0.0054124933667480946,0.8275070786476135,0.7952191829681396,0.004121484234929085,0.8402968645095825,0.8052899837493896,0.0026859785430133343,0.8508029580116272,0.8136016726493835,0.0017132143257185817,0.8026019334793091,0.7802109122276306,0.0035647954791784286,0.8224777579307556,0.7918291091918945,0.0035787494853138924,0.8340953588485718,0.8001691102981567,0.004826328717172146,0.8431439995765686,0.807255744934082,0.005946601275354624
K,0.5237398147583008,0.16577783226966858,6.257997142711247e-08,0.52344810962677,0.1468965858221054,0.0033497666008770466,0.5220415592193604,0.12381570041179657,0.004403200000524521,0.5231378078460693,0.10797648131847382,0.004028902389109135,0.5239618420600891,0.09607069939374924,0.004291956778615713,0.5056174397468567,0.11046968400478363,0.0050870818085968494,0.5001651644706726,0.08375372737646103,0.0013371913228183985,0.5048703551292419,0.07170366495847702,-0.0015217384789139032,0.5115631818771362,0.06681505590677261,-0.0023328461684286594,0.5040217638015747,0.1115775853395462,0.0018443930894136429,0.49778613448143005,0.08624440431594849,0.0003750717733055353,0.5022420883178711,0.07407387346029282,-0.0013898207107558846,0.5087288022041321,0.06785763800144196,-0.0023291169200092554,0.5054254531860352,0.11337561160326004,-0.0016943494556471705,0.49851763248443604,0.0890134945511818,-0.001894545741379261,0.5011424422264099,0.07708512991666794,-0.0010215140646323562,0.5060117244720459,0.06993819028139114,-0.00029141883715055883,0.5097538828849792,0.11553847044706345,-0.005248580127954483,0.5018066167831421,0.0960276648402214,-0.003632795065641403,0.5007436275482178,0.08469682186841965,-0.0006515301065519452,0.502100944519043,0.07753028720617294,0.0017345042433589697
K,0.5266752243041992,0.15434104204177856,1.0061115318649172e-07,0.5271740555763245,0.1347583532333374,0.005065327975898981,0.5269597172737122,0.11141181737184525,0.00613179337233305,0.5297028422355652,0.09603837877511978,0.00511777400970459,0.5330122113227844,0.08372877538204193,0.004674829542636871,0.5083796381950378,0.10385296493768692,0.006036689504981041,0.5055234432220459,0.07718249410390854,0.0003535932337399572,0.5148274898529053,0.06419984996318817,-0.003667883574962616,0.5251209139823914,0.06040896475315094,-0.004676938056945801,0.5055522918701172,0.10458240658044815,0.001094156177714467,0.5003899335861206,0.07676326483488083,-0.0020673794206231833,0.5097571611404419,0.06357532739639282,-0.004415945149958134,0.5206411480903625,0.05975719541311264,-0.005184438545256853,0.5064805746078491,0.10450471937656403,-0.004100282676517963,0.5008152723312378,0.0768064558506012,-0.0056419591419398785,0.508935272693634,0.06508119404315948,-0.004888148047029972,0.518337607383728,0.061139967292547226,-0.003628665814176202,0.511425793170929,0.10444319248199463,-0.00922655500471592,0.5058332681655884,0.08216327428817749,-0.00871256273239851,0.5097472667694092,0.07065920531749725,-0.005855422001332045,0.5154659152030945,0.06542447209358215,-0.003163757501170039
K,0.5274240970611572,0.15715058147907257,8.934676287708498e-08,0.5235635638237,0.13754932582378387,0.003804930718615651,0.5216967463493347,0.11479869484901428,0.004238044377416372,0.5232390761375427,0.09878230839967728,0.003111658850684762,0.5254483222961426,0.08643454313278198,0.002580199856311083,0.5072040557861328,0.10784749686717987,0.0018879757262766361,0.5026621222496033,0.08026564121246338,-0.005256100557744503,0.5099371671676636,0.06555872410535812,-0.009606202132999897,0.5190064907073975,0.0598425418138504,-0.010521918535232544,0.5068885684013367,0.10857377201318741,-0.0025079031474888325,0.5009080767631531,0.08050000667572021,-0.007471360266208649,0.5085499286651611,0.06561151146888733,-0.009839233011007309,0.5183586478233337,0.06000081077218056,-0.01006100233644247,0.5106434226036072,0.10875537246465683,-0.007092644926160574,0.5035675168037415,0.08052170276641846,-0.01028279960155487,0.5091295838356018,0.06672371923923492,-0.009487077593803406,0.5170393586158752,0.060976650565862656,-0.007548629306256771,0.5179445743560791,0.10901918262243271,-0.01160312257707119,0.5102441906929016,0.08679744601249695,-0.01211755070835352,0.5113859176635742,0.07379475235939026,-0.009370598010718822,0.5153873562812805,0.06679852306842804,-0.006297848653048277
K,0.540350079536438,0.17085948586463928,6.652754791502957e-08,0.5235937237739563,0.15180538594722748,0.003128655022010207,0.5176292061805725,0.12755128741264343,0.004802227020263672,0.520707368850708,0.11053283512592316,0.005066525656729937,0.5255315899848938,0.09961698204278946,0.005847905296832323,0.513996958732605,0.11825496703386307,0.006433800328522921,0.5102919936180115,0.09463846683502197,0.003720192238688469,0.5108983516693115,0.08037558943033218,0.0010067939292639494,0.51264888048172,0.07072339951992035,-0.0005174131947569549,0.5240071415901184,0.11659707874059677,0.0024449636694043875,0.5214039087295532,0.0926188975572586,0.0010058601619675756,0.5223388075828552,0.07856747508049011,-0.0012031948426738381,0.5247112512588501,0.06733638793230057,-0.002495693974196911,0.5356562733650208,0.11693200469017029,-0.0018864726880565286,0.5327507853507996,0.09447693824768066,-0.0028627056162804365,0.5317872762680054,0.08231868594884872,-0.0026916826609522104,0.5323205590248108,0.07281296700239182,-0.002488760044798255,0.5484214425086975,0.11973904073238373,-0.006327747832983732,0.5461081862449646,0.1041419729590416,-0.0049840910360217094,0.5442081689834595,0.09898672997951508,-0.0016837792936712503,0.5444111824035645,0.09608939290046692,0.0008000977686606348
K,0.428713321685791,0.16526338458061218,-2.982403302098646e-08,0.4116535484790802,0.15407684445381165,0.003053200663998723,0.39806118607521057,0.1360536366701126,0.0031972017604857683,0.3911358714103699,0.12187132239341736,0.0016359456349164248,0.38559508323669434,0.11152743548154831,0.00022554106544703245,0.3933812081813812,0.12254167348146439,0.003640610259026289,0.3869135081768036,0.09908276796340942,-0.001860296237282455,0.3797796964645386,0.08564454317092896,-0.00626674760133028,0.3723779618740082,0.07807400077581406,-0.008732905611395836,0.3983679413795471,0.11910590529441833,-0.0013775610132142901,0.39070647954940796,0.09518887102603912,-0.00655978312715888,0.3828425407409668,0.08194269239902496,-0.010315320454537868,0.3742937445640564,0.07404854148626328,-0.01224399171769619,0.40537846088409424,0.1170576885342598,-0.0067652128636837006,0.3976021409034729,0.09402698278427124,-0.010138590820133686,0.390775203704834,0.08132762461900711,-0.011120579205453396,0.3837442994117737,0.07184241712093353,-0.011393114924430847,0.4143957495689392,0.11663415282964706,-0.012180229648947716,0.4090442657470703,0.09733327478170395,-0.014113247394561768,0.40404000878334045,0.08527494966983795,-0.013606532476842403,0.3991265594959259,0.07502758502960205,-0.012829561717808247
K,0.5385790467262268,0.15423934161663055,6.68043256268902e-08,0.5458183884620667,0.13613417744636536,0.0033057003747671843,0.5447155237197876,0.11404500156641006,0.004537002649158239,0.5458593368530273,0.10005643218755722,0.003725774586200714,0.5474650263786316,0.08973097801208496,0.003285981249064207,0.5231721997261047,0.09932883828878403,0.006592347752302885,0.524054765701294,0.07397241145372391,0.0010164892300963402,0.5355342626571655,0.06220591068267822,-0.004553287755697966,0.5481716990470886,0.05886068940162659,-0.0072278790175914764,0.520514965057373,0.09994740784168243,0.0023509282618761063,0.5203376412391663,0.0744246244430542,-0.0011393357999622822,0.5313656330108643,0.06306641548871994,-0.0053498405031859875,0.5433354377746582,0.059187281876802444,-0.007876100949943066,0.5212803483009338,0.10062666237354279,-0.0024314599577337503,0.5205153226852417,0.07561328262090683,-0.004629940260201693,0.5304201245307922,0.06408572196960449,-0.006625636480748653,0.5411430597305298,0.059203654527664185,-0.007649407256394625,0.5255987048149109,0.10188806056976318,-0.0073104300536215305,0.5242781043052673,0.08139364421367645,-0.007687784731388092,0.5301893949508667,0.07038216292858124,-0.0066964104771614075,0.5376493334770203,0.06490558385848999,-0.0056610265746712685
K,0.5445823669433594,0.14865490794181824,3.836399997680928e-08,0.5543676018714905,0.13050706684589386,0.0032532766927033663,0.5552396178245544,0.107582688331604,0.005750745069235563,0.5562002658843994,0.09282234311103821,0.006433801259845495,0.5574707984924316,0.08276838064193726,0.00788712315261364,0.530209481716156,0.0932205468416214,0.009058816358447075,0.529873251914978,0.06861764937639236,0.004960967227816582,0.5414963960647583,0.06020534038543701,0.000351830298313871,0.5535059571266174,0.06089355796575546,-0.0015016950201243162,0.5242751836776733,0.09446452558040619,0.006037293933331966,0.5243875980377197,0.07009023427963257,0.00392938731238246,0.5364632606506348,0.061897680163383484,0.00016569833678659052,0.5486864447593689,0.061194732785224915,-0.002085805172100663,0.5213283896446228,0.09496727585792542,0.0023884489201009274,0.5229597687721252,0.07153572142124176,0.0017292225966230035,0.5340491533279419,0.0631709024310112,-4.5504839363275096e-05,0.5449291467666626,0.06172998994588852,-0.0010582621907815337,0.5212523341178894,0.09564099460840225,-0.0013996261404827237,0.522126317024231,0.07568126171827316,-0.0006740762037225068,0.5298304557800293,0.06606481224298477,0.00023606145987287164,0.5381261110305786,0.06246868520975113,0.0011716708540916443
K,0.41220542788505554,0.2900123596191406,-2.843023594323313e-07,0.3853524625301361,0.2942160665988922,0.015603463165462017,0.3472866714000702,0.3000200390815735,0.02107837423682213,0.3161584138870239,0.29588690400123596,0.01874253898859024,0.29557856917381287,0.2930423617362976,0.018061500042676926,0.3300475776195526,0.35511651635169983,0.030366668477654457,0.2925277352333069,0.32995277643203735,0.0209876149892807,0.2972179651260376,0.3021480441093445,0.012539365328848362,0.31332480907440186,0.2864301800727844,0.009543760679662228,0.31980788707733154,0.3522290289402008,0.016827266663312912,0.2884519100189209,0.32255181670188904,0.005461025983095169,0.3028634488582611,0.29296863079071045,-0.002625848399475217,0.3265194594860077,0.2769462764263153,-0.004597838968038559,0.30666545033454895,0.3425285816192627,0.0018367917509749532,0.2789057493209839,0.3133523464202881,-0.008625278249382973,0.2953382432460785,0.28814685344696045,-0.010007014498114586,0.3184663653373718,0.2748764753341675,-0.006927283015102148,0.2919841408729553,0.32792067527770996,-0.01264652144163847,0.26339882612228394,0.3047421872615814,-0.01613733172416687,0.27522459626197815,0.2856065630912781,-0.012247628532350063,0.29267174005508423,0.2741839289665222,-0.0069424607791006565
K,0.6102645993232727,0.11420761793851852,1.231645825328087e-07,0.6253006458282471,0.10217568278312683,-0.0023812022991478443,0.6478349566459656,0.09295287728309631,-0.004615875892341137,0.6666739583015442,0.08938751369714737,-0.0069480412639677525,0.6816112399101257,0.0874040499329567,-0.009305015206336975,0.6500798463821411,0.08752632886171341,-0.0075011788867414,0.6754302382469177,0.08091795444488525,-0.015350478701293468,0.6935867667198181,0.07814357429742813,-0.020378829911351204,0.7077468037605286,0.07688353955745697,-0.023352868854999542,0.6506128907203674,0.09297770261764526,-0.010057960636913776,0.676082193851471,0.08695675432682037,-0.017199888825416565,0.6954613924026489,0.08369241654872894,-0.021815795451402664,0.7118276357650757,0.08189788460731506,-0.024699369445443153,0.6500234007835388,0.10145830363035202,-0.012827008962631226,0.6743000745773315,0.09576519578695297,-0.018769318237900734,0.6916816234588623,0.09236025810241699,-0.021400805562734604,0.7060964107513428,0.08996042609214783,-0.022722527384757996,0.6484823822975159,0.1119065061211586,-0.01577829010784626,0.6669169664382935,0.10773136466741562,-0.0206040907651186,0.6802038550376892,0.10511962324380875,-0.02206217497587204,0.6919273734092712,0.10372859984636307,-0.022580133751034737
K,0.5105772018432617,0.14777861535549164,8.981400867469347e-08,0.5152649879455566,0.12941095232963562,-0.00036690407432615757,0.5163865089416504,0.10753829032182693,-0.0011278294259682298,0.5156304836273193,0.09061435610055923,-0.0026758869644254446,0.5137866735458374,0.07827881723642349,-0.00450452696532011,0.5169883370399475,0.10245226323604584,-0.001999461092054844,0.5108585357666016,0.08153063803911209,-0.008259528316557407,0.5056089162826538,0.0650613009929657,-0.013691410422325134,0.5009978413581848,0.0507906973361969,-0.017226193100214005,0.5139055848121643,0.10375167429447174,-0.005127635784447193,0.5084365010261536,0.08231547474861145,-0.010164097882807255,0.5035246014595032,0.06482931971549988,-0.015031096525490284,0.49913597106933594,0.0490594282746315,-0.01836872287094593,0.5100557208061218,0.1059940978884697,-0.00826893001794815,0.5059777498245239,0.08523184061050415,-0.012450382113456726,0.501781702041626,0.06918750703334808,-0.01414163876324892,0.49781882762908936,0.05555069074034691,-0.014936907216906548,0.5056783556938171,0.10907052457332611,-0.011619792319834232,0.5020990371704102,0.09183010458946228,-0.014624175615608692,0.500011146068573,0.0789630264043808,-0.014530891552567482,0.49855276942253113,0.06777656078338623,-0.013972996734082699
K,0.5074722170829773,0.1618746817111969,7.315004069141651e-08,0.5075239539146423,0.1427984982728958,-0.0007466410170309246,0.5078076720237732,0.11999215185642242,-0.001663584727793932,0.5085591673851013,0.10245078802108765,-0.0031418383587151766,0.5085161924362183,0.08915551006793976,-0.004538760054856539,0.5032839179039001,0.11584059149026871,-0.0012099320301786065,0.4998868405818939,0.0934738740324974,-0.007179644890129566,0.49752870202064514,0.07715640962123871,-0.012133078649640083,0.4960933029651642,0.06417374312877655,-0.015396921895444393,0.503283679485321,0.11697638034820557,-0.004032715689390898,0.5002676844596863,0.09448220580816269,-0.009238616563379765,0.49819931387901306,0.07805293798446655,-0.013777028769254684,0.4965914487838745,0.06304557621479034,-0.016826968640089035,0.5051209330558777,0.11963240057229996,-0.007086518686264753,0.5034930109977722,0.09760686755180359,-0.01177097950130701,0.502399206161499,0.08229362964630127,-0.013299481011927128,0.5008851885795593,0.06893860548734665,-0.013981202617287636,0.5088040232658386,0.12326066941022873,-0.01038195937871933,0.5093191862106323,0.10636809468269348,-0.013874748721718788,0.5101374387741089,0.09418986737728119,-0.014037474989891052,0.5106073021888733,0.0832260400056839,-0.01378914900124073
K,0.7784778475761414,0.3468807339668274,1.323928415786213e-07,0.8013654351234436,0.3585740029811859,-0.00185989064630121,0.8328062295913696,0.35960960388183594,-0.0022599513176828623,0.8548322319984436,0.35985925793647766,-0.0040869382210075855,0.8745867013931274,0.35777732729911804,-0.005451335106045008,0.8541818857192993,0.330858439207077,0.00764086376875639,0.8850368857383728,0.32951322197914124,0.0010505854152143002,0.906055748462677,0.3350573182106018,-0.0066435327753424644,0.9212226271629333,0.3409883975982666,-0.0116285914555192,0.8544597625732422,0.32727497816085815,0.003912688698619604,0.8862711787223816,0.3273339867591858,-6.284579285420477e-05,0.9062851667404175,0.3333905339241028,-0.0058668735437095165,0.9226548671722412,0.33964112401008606,-0.010143816471099854,0.8535676598548889,0.3263472616672516,-0.0014038907829672098,0.8834919929504395,0.3270781636238098,-0.0038517650682479143,0.9031205773353577,0.33268001675605774,-0.004352392163127661,0.9193721413612366,0.3382413685321808,-0.004831891506910324,0.851533055305481,0.32831400632858276,-0.007801157422363758,0.8773588538169861,0.32746002078056335,-0.008052698336541653,0.8942067623138428,0.33085328340530396,-0.005688393954187632,0.9072467684745789,0.33476829528808594,-0.003986836411058903
L,0.48465216159820557,0.1670544594526291,5.981051742764976e-08,0.4766847491264343,0.1516239494085312,-0.0013342708116397262,0.4724876880645752,0.1311686486005783,-0.001995129743590951,0.4724452495574951,0.11513155698776245,-0.003165472997352481,0.47321587800979614,0.1035672277212143,-0.0041007730178534985,0.46986159682273865,0.12242463231086731,-6.999367178650573e-05,0.4670552909374237,0.10053761303424835,-0.005189969670027494,0.46558260917663574,0.08527521789073944,-0.009320233017206192,0.4647975564002991,0.07390272617340088,-0.011988159269094467,0.47478097677230835,0.12179460376501083,-0.002462173579260707,0.4721332788467407,0.10047514736652374,-0.007239423226565123,0.47099173069000244,0.084455706179142,-0.01132890209555626,0.47062042355537415,0.07071071863174438,-0.013890553265810013,0.4816912114620209,0.12297739088535309,-0.005402280017733574,0.4799909293651581,0.1029665544629097,-0.00960935465991497,0.47962334752082825,0.08914685249328613,-0.01148754172027111,0.479471892118454,0.07800395786762238,-0.012282109819352627,0.48990723490715027,0.1261080950498581,-0.008667400106787682,0.4897652864456177,0.1113353744149208,-0.011723311617970467,0.4893800914287567,0.1012592613697052,-0.012085232883691788,0.4897618293762207,0.09294473379850388,-0.011790760792791843
L,0.46873781085014343,0.161530539393425,7.587669159647703e-08,0.4756096303462982,0.1479680985212326,-0.0035519187804311514,0.47273677587509155,0.1246349886059761,-0.0035739573650062084,0.47058016061782837,0.10735481977462769,-0.0037703700363636017,0.46844086050987244,0.0951710119843483,-0.0038397551979869604,0.46064141392707825,0.10835052281618118,0.0011223484762012959,0.45584797859191895,0.08763044327497482,-0.0029227135237306356,0.45333629846572876,0.07337747514247894,-0.007370276376605034,0.4514003396034241,0.062237583100795746,-0.010443363338708878,0.45822423696517944,0.10909783840179443,5.7542296417523175e-05,0.4537274241447449,0.08811969310045242,-0.0030240858905017376,0.4514123797416687,0.07435683906078339,-0.007000995799899101,0.44880035519599915,0.061902496963739395,-0.009777726605534554,0.4565000534057617,0.11147570610046387,-0.0019052387215197086,0.45270538330078125,0.09192326664924622,-0.004397708922624588,0.4503244459629059,0.07900670170783997,-0.004967888817191124,0.447983056306839,0.06808684766292572,-0.005155725404620171,0.4549478590488434,0.11540999263525009,-0.004638675134629011,0.4510776698589325,0.09857067465782166,-0.006371245253831148,0.44916197657585144,0.08733469992876053,-0.00566005427390337,0.4480374753475189,0.07816602289676666,-0.004781808238476515
L,0.17622748017311096,0.6438297033309937,-8.136967011296292e-08,0.3305094242095947,0.6597116589546204,-0.04823194444179535,0.4738685190677643,0.6136521697044373,-0.0826026126742363,0.5520687103271484,0.5356321930885315,-0.11664371192455292,0.5882917642593384,0.4494560956954956,-0.14183704555034637,0.5096428990364075,0.42578595876693726,-0.046958182007074356,0.5824465751647949,0.43915221095085144,-0.11989184468984604,0.51363205909729,0.5263667106628418,-0.160493403673172,0.457322895526886,0.5573241114616394,-0.1791985183954239,0.4388349950313568,0.378769189119339,-0.05717289447784424,0.5247712731361389,0.40927228331565857,-0.13424314558506012,0.4538344740867615,0.5057575106620789,-0.16130726039409637,0.3990325331687927,0.5270565748214722,-0.16879093647003174,0.3548177182674408,0.3513692617416382,-0.07596791535615921,0.4300119876861572,0.3929569721221924,-0.15379908680915833,0.37264353036880493,0.48998433351516724,-0.14319667220115662,0.33019518852233887,0.5097213983535767,-0.12102179229259491,0.26191747188568115,0.33617788553237915,-0.09779641032218933,0.33417338132858276,0.37826359272003174,-0.14857938885688782,0.3061246871948242,0.45549461245536804,-0.13178201019763947,0.2774990200996399,0.4754028022289276,-0.1094953864812851
L,0.07912668585777283,0.5237595438957214,-3.270793627052626e-07,0.2510325312614441,0.5531872510910034,-0.03466019034385681,0.4103735387325287,0.5233106017112732,-0.0641469657421112,0.5100857615470886,0.4660671353340149,-0.09431249648332596,0.5693032145500183,0.41685521602630615,-0.11484789848327637,0.4801974892616272,0.3033110201358795,-0.05343335121870041,0.5529011487960815,0.3546067476272583,-0.11588429659605026,0.46133294701576233,0.44035038352012634,-0.14485971629619598,0.40504467487335205,0.45341336727142334,-0.15751801431179047,0.4181118607521057,0.2548849582672119,-0.06675293296575546,0.495172917842865,0.35012906789779663,-0.13117066025733948,0.40525051951408386,0.441331148147583,-0.1460728496313095,0.3493480086326599,0.4397968351840973,-0.14886455237865448,0.34046149253845215,0.22973348200321198,-0.0854661762714386,0.4009312689304352,0.3279998302459717,-0.1498585194349289,0.32790496945381165,0.4179830551147461,-0.13342002034187317,0.2838911712169647,0.42199400067329407,-0.11172229796648026,0.24668365716934204,0.21502134203910828,-0.10629446804523468,0.3103698790073395,0.2930130064487457,-0.1450100541114807,0.270341694355011,0.36694610118865967,-0.12400282174348831,0.2355218082666397,0.37968653440475464,-0.1012924537062645
L,0.8436731696128845,0.17314457893371582,-5.9433656218743636e-08,0.8648290038108826,0.1672930121421814,0.006297989282757044,0.8893948793411255,0.1510857194662094,0.006850412581115961,0.9082916975021362,0.1397516131401062,0.0040313187055289745,0.9241243004798889,0.13190509378910065,0.0022965106181800365,0.8987180590629578,0.11811549961566925,0.010976836085319519,0.9303697943687439,0.12144892662763596,0.002851248485967517,0.9358043670654297,0.13930074870586395,-0.0041724988259375095,0.9284228086471558,0.15211032330989838,-0.006940430961549282,0.898823618888855,0.11978338658809662,0.004004166927188635,0.9316474795341492,0.12518051266670227,0.0006243456737138331,0.9357702136039734,0.14240165054798126,-0.002325969049707055,0.9283260703086853,0.15341606736183167,-0.003942014183849096,0.8983352780342102,0.1256996989250183,-0.003917330875992775,0.9299598932266235,0.131450816988945,-0.006604757625609636,0.9347285628318787,0.1474888175725937,-0.005306517705321312,0.9287511110305786,0.15837886929512024,-0.003941026516258717,0.8966502547264099,0.13485969603061676,-0.01187107339501381,0.9238297939300537,0.1377718597650528,-0.012813490815460682,0.9294248223304749,0.15073232352733612,-0.009592985734343529,0.9258956909179688,0.160704106092453,-0.006502543576061726
L,0.0575808584690094,0.3089179992675781,-6.944837878108956e-07,0.16603532433509827,0.32368260622024536,0.023312872275710106,0.2832690477371216,0.3164557218551636,0.01159887108951807,0.37478572130203247,0.32517653703689575,-0.012409428134560585,0.45957010984420776,0.34759923815727234,-0.0317700169980526,0.38760846853256226,0.20403242111206055,0.012870890088379383,0.4481378495693207,0.3117627203464508,-0.03658178821206093,0.410416841506958,0.36072826385498047,-0.06981904059648514,0.37660056352615356,0.3724172115325928,-0.08940799534320831,0.37417498230934143,0.17273521423339844,-0.022747620940208435,0.4152830243110657,0.31821978092193604,-0.061114974319934845,0.3706538677215576,0.36126697063446045,-0.07291293889284134,0.3426295816898346,0.35770291090011597,-0.08056818693876266,0.3395799696445465,0.15762487053871155,-0.0609399788081646,0.3653567135334015,0.30475109815597534,-0.08879996836185455,0.31580719351768494,0.34463703632354736,-0.06923037767410278,0.28370705246925354,0.3360159397125244,-0.05557042732834816,0.29020369052886963,0.15217271447181702,-0.10024715960025787,0.30858203768730164,0.2664247155189514,-0.1131475493311882,0.2737801969051361,0.3095703125,-0.09281836450099945,0.24899934232234955,0.304401695728302,-0.07578390091657639
L,0.6604040861129761,0.12961064279079437,1.7008712660526726e-08,0.6803538799285889,0.1195206493139267,0.009561006911098957,0.6972314119338989,0.09829260408878326,0.014048423618078232,0.709980309009552,0.08418521285057068,0.015487836673855782,0.7180612683296204,0.07272391766309738,0.017393408343195915,0.6937676668167114,0.06708163022994995,0.01836281642317772,0.7184990048408508,0.06078879162669182,0.0202974583953619,0.7306351661682129,0.06538638472557068,0.018323661759495735,0.7358270883560181,0.07252218574285507,0.01663336157798767,0.6959984302520752,0.06639732420444489,0.012498601339757442,0.7186188101768494,0.059280335903167725,0.017491472885012627,0.7309895753860474,0.06344681233167648,0.016194166615605354,0.7372245192527771,0.07049979269504547,0.013729272410273552,0.6995675563812256,0.06949739158153534,0.006455686874687672,0.72214674949646,0.06121470779180527,0.011364180594682693,0.7341059446334839,0.065317802131176,0.012109690345823765,0.7403200268745422,0.07089202105998993,0.0108792157843709,0.705161452293396,0.07427101582288742,0.0006533722043968737,0.7248590588569641,0.06530597805976868,0.0057815806940197945,0.7359052300453186,0.0671350434422493,0.009019484743475914,0.7423083782196045,0.07079192996025085,0.010518670082092285
L,0.19101829826831818,0.2846125662326813,-1.0061928605864523e-06,0.2848009467124939,0.32370221614837646,-0.05619785934686661,0.40192580223083496,0.3404417335987091,-0.10422132909297943,0.5008125305175781,0.3583543300628662,-0.15002456307411194,0.576088547706604,0.3609095513820648,-0.19439230859279633,0.43893900513648987,0.20899316668510437,-0.11089310795068741,0.46255171298980713,0.2881426215171814,-0.18446926772594452,0.4228096306324005,0.371346116065979,-0.22672824561595917,0.38877421617507935,0.41026216745376587,-0.25042885541915894,0.3752787113189697,0.16903792321681976,-0.11440513283014297,0.3973017930984497,0.25451937317848206,-0.18607479333877563,0.353351891040802,0.3468471169471741,-0.20223963260650635,0.313640832901001,0.39360859990119934,-0.2086431384086609,0.30255311727523804,0.14256680011749268,-0.12306571751832962,0.32495391368865967,0.21394063532352448,-0.1887800395488739,0.29548877477645874,0.3107859492301941,-0.17909947037696838,0.26194047927856445,0.36250272393226624,-0.16454970836639404,0.2210811972618103,0.12665703892707825,-0.1370505690574646,0.23637603223323822,0.18935225903987885,-0.18775241076946259,0.21571111679077148,0.268157035112381,-0.18357469141483307,0.19090205430984497,0.3110252320766449,-0.17381039261817932
L,0.34222808480262756,0.1582166850566864,-1.2715177035715897e-06,0.2734324038028717,0.13659000396728516,-0.03535470366477966,0.21192844212055206,0.1627303957939148,-0.08136476576328278,0.21412815153598785,0.205552339553833,-0.12013392895460129,0.2698191702365875,0.2265613079071045,-0.15239839255809784,0.23364144563674927,0.21446387469768524,-0.17695115506649017,0.23413342237472534,0.1960088014602661,-0.23888783156871796,0.1947224736213684,0.27600449323654175,-0.2461199015378952,0.18430528044700623,0.3059646785259247,-0.24663804471492767,0.28499674797058105,0.27518999576568604,-0.18242810666561127,0.3448726236820221,0.17276431620121002,-0.27536866068840027,0.28407251834869385,0.27440524101257324,-0.28093740344047546,0.24993965029716492,0.3211289048194885,-0.27546530961990356,0.3530142605304718,0.29614120721817017,-0.17995551228523254,0.40313106775283813,0.19032447040081024,-0.2507178485393524,0.3496675491333008,0.2787100672721863,-0.2191341668367386,0.3002760410308838,0.32707059383392334,-0.1890934556722641,0.40807315707206726,0.29071515798568726,-0.17737248539924622,0.45247310400009155,0.24296815693378448,-0.22013774514198303,0.4144159257411957,0.292366623878479,-0.20186452567577362,0.37657591700553894,0.32086288928985596,-0.18796426057815552
L,0.26388582587242126,0.2277957797050476,-1.0416374607302714e-06,0.23011267185211182,0.24445155262947083,-0.08652302622795105,0.2031993567943573,0.26851773262023926,-0.1603410243988037,0.1862296611070633,0.3099284768104553,-0.22258096933364868,0.17822162806987762,0.33372002840042114,-0.2806764245033264,0.34874022006988525,0.13045264780521393,-0.18194575607776642,0.3001420497894287,0.26451995968818665,-0.2655300796031952,0.2332199066877365,0.32870152592658997,-0.3069881200790405,0.18452753126621246,0.3606005907058716,-0.32982444763183594,0.3817126154899597,0.12451571226119995,-0.17498476803302765,0.30553120374679565,0.2911210060119629,-0.25331926345825195,0.2607165277004242,0.3470858931541443,-0.273122102022171,0.23044005036354065,0.3766446113586426,-0.28561463952064514,0.39216482639312744,0.13931812345981598,-0.1710444837808609,0.3123813271522522,0.30247312784194946,-0.24191956222057343,0.27273428440093994,0.35712772607803345,-0.24341103434562683,0.24705566465854645,0.38183653354644775,-0.23943129181861877,0.3801735043525696,0.16339294612407684,-0.17515072226524353,0.3138711452484131,0.29892224073410034,-0.23826643824577332,0.27427855134010315,0.3505374789237976,-0.251036673784256,0.2554348409175873,0.3703494071960449,-0.25252634286880493
L,0.32566216588020325,0.24076488614082336,-1.0590698593659909e-06,0.22830891609191895,0.22740653157234192,-0.08459493517875671,0.13377109169960022,0.21875271201133728,-0.16078345477581024,0.08003154397010803,0.2597261965274811,-0.22599971294403076,0.06558138132095337,0.30432456731796265,-0.28724679350852966,0.27310481667518616,0.0905703455209732,-0.1760345846414566,0.18107695877552032,0.23129191994667053,-0.24644382297992706,0.1346788853406906,0.3059282600879669,-0.28030818700790405,0.11517944931983948,0.3416011929512024,-0.30154165625572205,0.3721272349357605,0.12385609745979309,-0.16844986379146576,0.2712758183479309,0.29484257102012634,-0.23905639350414276,0.22568219900131226,0.34899842739105225,-0.25888973474502563,0.20505787432193756,0.3619000315666199,-0.2737922966480255,0.44860824942588806,0.17401334643363953,-0.16187912225723267,0.35331782698631287,0.33766502141952515,-0.22384992241859436,0.3016466200351715,0.37433022260665894,-0.22491492331027985,0.27761828899383545,0.37058955430984497,-0.22329385578632355,0.5020694732666016,0.23132526874542236,-0.16304099559783936,0.43780288100242615,0.35647791624069214,-0.20923367142677307,0.38735926151275635,0.384620726108551,-0.21292346715927124,0.3635142743587494,0.3756248354911804,-0.2120315581560135
L,0.3483627438545227,0.1881181299686432,-8.062512506512576e-07,0.24535521864891052,0.18218232691287994,-0.08734778314828873,0.1433495283126831,0.20259498059749603,-0.1700599640607834,0.07956555485725403,0.27226561307907104,-0.2434302717447281,0.05419272184371948,0.3301761746406555,-0.31756654381752014,0.2782699763774872,0.10608133673667908,-0.19350998103618622,0.24586695432662964,0.19085882604122162,-0.2807994782924652,0.20524539053440094,0.2769724130630493,-0.3291968107223511,0.17535483837127686,0.3334185481071472,-0.35383340716362,0.36596348881721497,0.15775053203105927,-0.18679288029670715,0.3437940776348114,0.23158201575279236,-0.28195956349372864,0.2943713366985321,0.3207648992538452,-0.3157691955566406,0.2516308128833771,0.37443655729293823,-0.3305395245552063,0.43724319338798523,0.2063581943511963,-0.17999258637428284,0.41225340962409973,0.2790626287460327,-0.2587037682533264,0.3602778911590576,0.35744279623031616,-0.2637719511985779,0.3153042197227478,0.3997728228569031,-0.2560861110687256,0.4865827262401581,0.24755138158798218,-0.17959925532341003,0.48033732175827026,0.3146868348121643,-0.23592999577522278,0.44269055128097534,0.36413460969924927,-0.23875784873962402,0.4128917157649994,0.3912582993507385,-0.2337404489517212
L,0.3172534704208374,0.22548025846481323,-9.595526080374839e-07,0.23060625791549683,0.20986686646938324,-0.08995082229375839,0.1397964060306549,0.2246359884738922,-0.16817450523376465,0.08463212847709656,0.2787596881389618,-0.2343354970216751,0.06049087643623352,0.3293946087360382,-0.29643067717552185,0.2941508889198303,0.09950374811887741,-0.1830655187368393,0.22342383861541748,0.24688473343849182,-0.25744691491127014,0.1766687035560608,0.32915061712265015,-0.2930105924606323,0.14972247183322906,0.3669816851615906,-0.31109699606895447,0.3847713768482208,0.14353838562965393,-0.17051097750663757,0.30178844928741455,0.29920217394828796,-0.24420614540576935,0.261377215385437,0.3580264449119568,-0.2664146423339844,0.23872758448123932,0.38074374198913574,-0.2796773910522461,0.45075666904449463,0.1955905705690384,-0.15896044671535492,0.3787919878959656,0.33538731932640076,-0.22824163734912872,0.3331248462200165,0.38167622685432434,-0.23375041782855988,0.304249107837677,0.39212149381637573,-0.2293829768896103,0.4921741783618927,0.2456343173980713,-0.15440474450588226,0.4663330018520355,0.3369961678981781,-0.20641444623470306,0.45020386576652527,0.3552457094192505,-0.21276599168777466,0.44711193442344666,0.3504007160663605,-0.21045809984207153
L,0.32755711674690247,0.19650693237781525,-7.895020530668262e-07,0.2329292744398117,0.19313518702983856,-0.08934515714645386,0.13919353485107422,0.21091045439243317,-0.17225836217403412,0.08305412530899048,0.2689906358718872,-0.24397383630275726,0.059399932622909546,0.32604482769966125,-0.31380072236061096,0.27810853719711304,0.09902980923652649,-0.19407494366168976,0.20422284305095673,0.23858954012393951,-0.2674862742424011,0.16356174647808075,0.3100830316543579,-0.3027723431587219,0.14791053533554077,0.33328133821487427,-0.32489296793937683,0.3668520152568817,0.13260869681835175,-0.18521106243133545,0.2933717370033264,0.2928323745727539,-0.26053106784820557,0.2501603960990906,0.3474748730659485,-0.2818549573421478,0.2277153730392456,0.35746827721595764,-0.29722917079925537,0.4363149404525757,0.1764758825302124,-0.17613522708415985,0.3657693862915039,0.3263619542121887,-0.24519717693328857,0.3190266489982605,0.3726942539215088,-0.24686799943447113,0.29150593280792236,0.3772507309913635,-0.24303941428661346,0.48143279552459717,0.22160370647907257,-0.17432096600532532,0.44614115357398987,0.3345046043395996,-0.2261998951435089,0.41698142886161804,0.3686695694923401,-0.2287488430738449,0.40469419956207275,0.3720024824142456,-0.22583718597888947
L,0.3156326711177826,0.22197219729423523,-7.455953436874552e-07,0.22411338984966278,0.21508841216564178,-0.09870148450136185,0.1361522078514099,0.22215235233306885,-0.1860128492116928,0.09014168381690979,0.264928936958313,-0.25990673899650574,0.0712263286113739,0.30641454458236694,-0.3310612738132477,0.2881673276424408,0.10183526575565338,-0.20222869515419006,0.22282519936561584,0.2291582077741623,-0.2894173860549927,0.17865394055843353,0.29912710189819336,-0.33644217252731323,0.15070290863513947,0.34032779932022095,-0.3616122603416443,0.3720056712627411,0.13650067150592804,-0.18911519646644592,0.2974346876144409,0.2811000347137451,-0.2739776372909546,0.25537198781967163,0.3396255075931549,-0.3013296127319336,0.2274525761604309,0.37471115589141846,-0.3171100318431854,0.4346025586128235,0.18407467007637024,-0.17767316102981567,0.36446088552474976,0.32078737020492554,-0.2524038553237915,0.32041943073272705,0.37176021933555603,-0.25572115182876587,0.28820696473121643,0.39879196882247925,-0.24989905953407288,0.47341403365135193,0.23580285906791687,-0.17442168295383453,0.4378179609775543,0.3358745574951172,-0.2280564159154892,0.40256115794181824,0.3720816373825073,-0.23094721138477325,0.3831227123737335,0.3867001235485077,-0.22609223425388336
L,0.28318193554878235,0.2539306581020355,-1.044847067532828e-06,0.21083325147628784,0.24570956826210022,-0.09425992518663406,0.14546626806259155,0.24390876293182373,-0.17102137207984924,0.10719598829746246,0.2830827236175537,-0.2336084395647049,0.08226776123046875,0.32140612602233887,-0.2923787534236908,0.3063144385814667,0.09849032014608383,-0.18519142270088196,0.2318871021270752,0.2366655170917511,-0.26316577196121216,0.16882923245429993,0.3042539358139038,-0.3025754690170288,0.12362870573997498,0.3350232243537903,-0.3243638277053833,0.3884734511375427,0.1301034688949585,-0.17355003952980042,0.29595494270324707,0.3004053831100464,-0.250585675239563,0.23894283175468445,0.3527945876121521,-0.2778080403804779,0.19983184337615967,0.36804091930389404,-0.29488658905029297,0.44180262088775635,0.1871236264705658,-0.16379408538341522,0.35710805654525757,0.3426803946495056,-0.23535114526748657,0.30457979440689087,0.3787398934364319,-0.2458951473236084,0.2710894048213959,0.38147422671318054,-0.24738317728042603,0.4647964835166931,0.2512444257736206,-0.16115106642246246,0.41157039999961853,0.36321139335632324,-0.21953919529914856,0.3644465208053589,0.3908770680427551,-0.23147648572921753,0.3412332534790039,0.3911000192165375,-0.23309767246246338
L,0.3145819306373596,0.238446444272995,-9.377047263114946e-07,0.22857575118541718,0.22601854801177979,-0.08558012545108795,0.1390499323606491,0.2324143648147583,-0.16275188326835632,0.08471941947937012,0.2806716561317444,-0.22808200120925903,0.06258106231689453,0.32997289299964905,-0.289944052696228,0.28775760531425476,0.09528014063835144,-0.1784832924604416,0.19998669624328613,0.24593326449394226,-0.24978850781917572,0.14659813046455383,0.3213997185230255,-0.28549724817276,0.11612330377101898,0.36235448718070984,-0.3049141764640808,0.3789695203304291,0.13569582998752594,-0.16818852722644806,0.28513380885124207,0.29125887155532837,-0.23614338040351868,0.2441348135471344,0.34571152925491333,-0.2580181658267975,0.21925856173038483,0.37276214361190796,-0.27317938208580017,0.4445536732673645,0.18997563421726227,-0.15870797634124756,0.36476343870162964,0.3312748670578003,-0.2244885414838791,0.3231366276741028,0.37525713443756104,-0.2321859896183014,0.2974957227706909,0.3897600769996643,-0.23124299943447113,0.48464235663414,0.24753260612487793,-0.155703604221344,0.4546085000038147,0.3356601893901825,-0.20731289684772491,0.4443475902080536,0.34857165813446045,-0.21658621728420258,0.4471656084060669,0.3405570387840271,-0.2177439033985138
L,0.30077457427978516,0.22361081838607788,-7.64769310990232e-07,0.2230759710073471,0.21381618082523346,-0.09404323995113373,0.149727463722229,0.21894393861293793,-0.17674359679222107,0.10562288761138916,0.2656477391719818,-0.24749211966991425,0.07726132869720459,0.3137648105621338,-0.31581494212150574,0.31670960783958435,0.09800305962562561,-0.18505018949508667,0.25385594367980957,0.23097002506256104,-0.2660919725894928,0.20100440084934235,0.3018050193786621,-0.31141629815101624,0.16718873381614685,0.3363662362098694,-0.3372851610183716,0.3917991816997528,0.1345287263393402,-0.17470990121364594,0.31790298223495483,0.28682902455329895,-0.25266969203948975,0.27074524760246277,0.3436848521232605,-0.28089576959609985,0.24277633428573608,0.3686324954032898,-0.2994714081287384,0.4417588710784912,0.1846141368150711,-0.1667034924030304,0.3738040030002594,0.32235103845596313,-0.23797203600406647,0.3271092176437378,0.3712816834449768,-0.24613183736801147,0.2992316782474518,0.3871978521347046,-0.24547429382801056,0.465471088886261,0.2351781129837036,-0.16625767946243286,0.43571263551712036,0.3317756652832031,-0.217834934592247,0.4072950780391693,0.36165255308151245,-0.22346948087215424,0.39709097146987915,0.3677942752838135,-0.2223159819841385
L,0.29469507932662964,0.19575943052768707,-7.129219170565193e-07,0.2193380445241928,0.18937452137470245,-0.09514693170785904,0.15663236379623413,0.21539121866226196,-0.18582876026630402,0.1195409893989563,0.2734987735748291,-0.2636973559856415,0.08430320024490356,0.3236386477947235,-0.3401896357536316,0.3294658660888672,0.11932086944580078,-0.21589653193950653,0.3013192415237427,0.23409688472747803,-0.30169418454170227,0.2399030178785324,0.3109278082847595,-0.3447569012641907,0.19669632613658905,0.34667378664016724,-0.36977413296699524,0.3862050175666809,0.14909060299396515,-0.20661276578903198,0.3454720973968506,0.27471625804901123,-0.29556000232696533,0.2880204916000366,0.3448209762573242,-0.3191218972206116,0.2492983043193817,0.3776683807373047,-0.33297014236450195,0.4222917854785919,0.18323849141597748,-0.19706135988235474,0.3731530010700226,0.3013530969619751,-0.26819536089897156,0.3180500864982605,0.36805593967437744,-0.260815292596817,0.27886176109313965,0.39379358291625977,-0.25137263536453247,0.4326856732368469,0.21412505209445953,-0.1956782341003418,0.39698296785354614,0.31577879190444946,-0.24507248401641846,0.35019662976264954,0.36699169874191284,-0.2401951104402542,0.32267749309539795,0.38583850860595703,-0.23252156376838684
L,0.3076779246330261,0.21690696477890015,-8.149000905177672e-07,0.22744612395763397,0.2010858803987503,-0.09395133703947067,0.14879706501960754,0.2122984081506729,-0.17978136241436005,0.10253766179084778,0.26930323243141174,-0.2531241178512573,0.06933212280273438,0.3306088447570801,-0.3238552510738373,0.31361275911331177,0.11365482956171036,-0.20063841342926025,0.27444934844970703,0.24701698124408722,-0.29003119468688965,0.21593764424324036,0.3220852017402649,-0.3367639482021332,0.17957976460456848,0.3583132326602936,-0.3618171513080597,0.39091596007347107,0.1493254154920578,-0.19066031277179718,0.34069135785102844,0.2837427258491516,-0.27945655584335327,0.2848638892173767,0.3470553755760193,-0.30295655131340027,0.25053101778030396,0.37766027450561523,-0.31409791111946106,0.44440847635269165,0.19184280931949615,-0.1824982613325119,0.390919029712677,0.31651490926742554,-0.2580631971359253,0.3382278382778168,0.3722452223300934,-0.2591012716293335,0.30359047651290894,0.39385172724723816,-0.25147920846939087,0.47287219762802124,0.23375996947288513,-0.18222695589065552,0.4393584430217743,0.33728501200675964,-0.2370239496231079,0.40292418003082275,0.37777239084243774,-0.24194464087486267,0.3863946795463562,0.39088237285614014,-0.23893612623214722
L,0.26813551783561707,0.24541571736335754,-1.0440618325446849e-06,0.2557337284088135,0.25663506984710693,-0.08828449249267578,0.2531780004501343,0.2669840455055237,-0.16242264211177826,0.2511071264743805,0.28723806142807007,-0.22417894005775452,0.2422766387462616,0.3047952651977539,-0.2824118137359619,0.3909689784049988,0.13130897283554077,-0.18214020133018494,0.33170998096466064,0.2555575370788574,-0.2713637053966522,0.2590217590332031,0.32870665192604065,-0.3175168037414551,0.19960951805114746,0.37934884428977966,-0.33971577882766724,0.40654316544532776,0.1297626793384552,-0.17247337102890015,0.325090229511261,0.26724445819854736,-0.25574591755867004,0.26672694087028503,0.335622102022171,-0.2766171097755432,0.2205898016691208,0.38517656922340393,-0.2861350178718567,0.4000343382358551,0.14546093344688416,-0.16624543070793152,0.3200380206108093,0.27511030435562134,-0.23976626992225647,0.2715499699115753,0.33967113494873047,-0.23957838118076324,0.23255540430545807,0.38235408067703247,-0.23152032494544983,0.3739367425441742,0.17084276676177979,-0.16749662160873413,0.30802586674690247,0.2769773602485657,-0.2273636907339096,0.2678021192550659,0.33715856075286865,-0.23404468595981598,0.24338284134864807,0.3744228482246399,-0.22961881756782532
L,0.23998023569583893,0.28277111053466797,-1.0198596100963186e-06,0.19675666093826294,0.27407312393188477,-0.10626965761184692,0.18320897221565247,0.2637128531932831,-0.18509872257709503,0.19417640566825867,0.2826709747314453,-0.24567458033561707,0.20770800113677979,0.29836779832839966,-0.29847508668899536,0.346055269241333,0.11567312479019165,-0.2020445615053177,0.2698720097541809,0.2643633484840393,-0.2887938916683197,0.20100557804107666,0.32263433933258057,-0.3291337490081787,0.15412089228630066,0.3515787124633789,-0.35020893812179565,0.4004640281200409,0.13315105438232422,-0.18485768139362335,0.3023303151130676,0.3012184500694275,-0.2693929672241211,0.24579954147338867,0.34555965662002563,-0.28851330280303955,0.21106603741645813,0.3689677119255066,-0.29788461327552795,0.4292556047439575,0.17757321894168854,-0.1717749983072281,0.3363182246685028,0.3382870554924011,-0.2438049465417862,0.28370434045791626,0.3727011978626251,-0.2392331212759018,0.25278007984161377,0.38356658816337585,-0.22979716956615448,0.4329380691051483,0.23405201733112335,-0.16840772330760956,0.37265729904174805,0.35759761929512024,-0.2253619134426117,0.3244169354438782,0.3888399302959442,-0.23235979676246643,0.3068152964115143,0.39518076181411743,-0.22877264022827148
L,0.2812986969947815,0.24346914887428284,-8.759880074649118e-07,0.21072427928447723,0.21853040158748627,-0.09717477858066559,0.14472965896129608,0.21220169961452484,-0.18009860813617706,0.10720430314540863,0.24936574697494507,-0.24690751731395721,0.08211848139762878,0.2979084551334381,-0.30796366930007935,0.3219785988330841,0.09332866966724396,-0.20371906459331512,0.2622588276863098,0.23323071002960205,-0.2840992212295532,0.20902119576931,0.3086729645729065,-0.3167608082294464,0.17510481178760529,0.33552470803260803,-0.3327074944972992,0.3957419991493225,0.13714683055877686,-0.1879194676876068,0.3186820447444916,0.28954946994781494,-0.26983842253685,0.2649663984775543,0.35064107179641724,-0.2851831912994385,0.23501883447170258,0.37048038840293884,-0.2922002673149109,0.4452963173389435,0.19207222759723663,-0.17298981547355652,0.3705834448337555,0.3258134126663208,-0.24229726195335388,0.3190270960330963,0.37482792139053345,-0.2336825579404831,0.2872103154659271,0.38726484775543213,-0.2209824174642563,0.46944063901901245,0.24600733816623688,-0.16597634553909302,0.424890398979187,0.3484780788421631,-0.2152538001537323,0.37904122471809387,0.3839384913444519,-0.21210037171840668,0.35699111223220825,0.3908226191997528,-0.20236144959926605
L,0.2678373456001282,0.27963316440582275,-9.956720532500185e-07,0.19955532252788544,0.26237115263938904,-0.09800876677036285,0.14695106446743011,0.2465924620628357,-0.17553198337554932,0.12790001928806305,0.2742369771003723,-0.23782065510749817,0.1158948540687561,0.31134453415870667,-0.29368600249290466,0.3188630938529968,0.10221583396196365,-0.1833362728357315,0.25422027707099915,0.2605038285255432,-0.2639444172382355,0.19425539672374725,0.31644344329833984,-0.3031085431575775,0.15947739779949188,0.3268650770187378,-0.3255804479122162,0.39701715111732483,0.13220955431461334,-0.17048707604408264,0.3039890229701996,0.3160194158554077,-0.2487771064043045,0.24791881442070007,0.3577321469783783,-0.267159104347229,0.2212013602256775,0.3620126247406006,-0.2765965759754181,0.44921600818634033,0.18558384478092194,-0.16111908853054047,0.3589889705181122,0.359469473361969,-0.2294134795665741,0.30243995785713196,0.3897761404514313,-0.22453801333904266,0.2751164436340332,0.3832041323184967,-0.21469227969646454,0.4739299416542053,0.24753162264823914,-0.16107803583145142,0.4114278554916382,0.38237911462783813,-0.21100056171417236,0.35653048753738403,0.4115617573261261,-0.21256044507026672,0.3349592089653015,0.40627598762512207,-0.2057982087135315
L,0.3336106240749359,0.21579240262508392,-8.077430493358406e-07,0.239897683262825,0.19986623525619507,-0.08574800193309784,0.14636757969856262,0.21188977360725403,-0.16745232045650482,0.09022903442382812,0.26710131764411926,-0.23848970234394073,0.0514359176158905,0.3171713650226593,-0.3071838915348053,0.2987429201602936,0.09284324198961258,-0.18247690796852112,0.2325863093137741,0.23055903613567352,-0.26063665747642517,0.19264449179172516,0.3004595935344696,-0.3017606735229492,0.17192134261131287,0.33326828479766846,-0.32474738359451294,0.38806450366973877,0.135291188955307,-0.17353227734565735,0.2998642325401306,0.28962117433547974,-0.25286078453063965,0.2525879144668579,0.3467458486557007,-0.27673113346099854,0.2272638976573944,0.3714963495731354,-0.29015061259269714,0.45428037643432617,0.1886167973279953,-0.16511131823062897,0.37266767024993896,0.33131125569343567,-0.23197999596595764,0.32842710614204407,0.3749421536922455,-0.23251695930957794,0.30431270599365234,0.38776424527168274,-0.22592057287693024,0.497730553150177,0.24465900659561157,-0.16411569714546204,0.45060643553733826,0.35152462124824524,-0.20880495011806488,0.42183610796928406,0.3793313503265381,-0.20863738656044006,0.4156533181667328,0.3815379738807678,-0.2028098702430725
L,0.27158981561660767,0.27598580718040466,-9.814290251597413e-07,0.19938185811042786,0.25205332040786743,-0.09155284613370895,0.13784250617027283,0.22871440649032593,-0.16829940676689148,0.1104489266872406,0.2547991871833801,-0.23019860684871674,0.10007457435131073,0.294331818819046,-0.28567761182785034,0.3036012351512909,0.09251237660646439,-0.1826888769865036,0.2188948392868042,0.2486880123615265,-0.2598637044429779,0.16518205404281616,0.3154687285423279,-0.29700401425361633,0.1356421858072281,0.34876567125320435,-0.31821951270103455,0.3907720446586609,0.12476562708616257,-0.1706351637840271,0.28899502754211426,0.30282527208328247,-0.24602530896663666,0.23951667547225952,0.34841591119766235,-0.26640063524246216,0.21350835263729095,0.3667776584625244,-0.2785177230834961,0.45209330320358276,0.1808847337961197,-0.16060179471969604,0.3583926260471344,0.3479120135307312,-0.224996417760849,0.307681679725647,0.3773933947086334,-0.22345460951328278,0.2799958288669586,0.3799371123313904,-0.21716153621673584,0.4862794280052185,0.24802830815315247,-0.15890063345432281,0.42904186248779297,0.3695474863052368,-0.20712988078594208,0.38025832176208496,0.391335129737854,-0.21191376447677612,0.3584901988506317,0.38559070229530334,-0.20844018459320068
L,0.298727810382843,0.24253150820732117,-1.007779133033182e-06,0.2203417718410492,0.23525333404541016,-0.09284131973981857,0.1389421671628952,0.22980719804763794,-0.17146117985248566,0.0923914909362793,0.26369988918304443,-0.23614850640296936,0.08561375737190247,0.29733023047447205,-0.2939945459365845,0.29539987444877625,0.08580498397350311,-0.18339388072490692,0.21254776418209076,0.234760582447052,-0.2526678442955017,0.16725456714630127,0.30959251523017883,-0.280000776052475,0.14451727271080017,0.33937984704971313,-0.2943139672279358,0.381979763507843,0.12059035897254944,-0.1696605086326599,0.2885664105415344,0.2976222336292267,-0.2419673204421997,0.23889189958572388,0.3536255955696106,-0.25890031456947327,0.21216413378715515,0.37187784910202026,-0.2684842646121979,0.44766342639923096,0.17263050377368927,-0.15726357698440552,0.3612784147262573,0.33432286977767944,-0.22226117551326752,0.3158910870552063,0.3734641671180725,-0.22126984596252441,0.2919030487537384,0.3799445629119873,-0.2146473079919815,0.4886419177055359,0.23233658075332642,-0.15253551304340363,0.4435514509677887,0.3478880524635315,-0.20019075274467468,0.4001408815383911,0.3754832446575165,-0.2019055038690567,0.38047802448272705,0.37511497735977173,-0.19666557013988495
L,0.17516890168190002,0.27892446517944336,-1.2372348692224477e-06,0.27445539832115173,0.32479721307754517,-0.06846433877944946,0.40846818685531616,0.3276268243789673,-0.11031278967857361,0.500542938709259,0.30618816614151,-0.14338722825050354,0.5498305559158325,0.2725355327129364,-0.17299635708332062,0.48106375336647034,0.18778134882450104,-0.12095976620912552,0.45635294914245605,0.3367404341697693,-0.2009177803993225,0.38618797063827515,0.3806440830230713,-0.24589812755584717,0.33255735039711,0.39289605617523193,-0.2688523530960083,0.41917330026626587,0.13170838356018066,-0.11473579704761505,0.35940250754356384,0.3180468678474426,-0.18386423587799072,0.297903835773468,0.35991790890693665,-0.19983495771884918,0.25927525758743286,0.3725612759590149,-0.20843979716300964,0.34350016713142395,0.10101333260536194,-0.11520682275295258,0.2830098271369934,0.27529576420783997,-0.1833307445049286,0.23513191938400269,0.3280033469200134,-0.18033811450004578,0.20619170367717743,0.3504985272884369,-0.17123115062713623,0.25837692618370056,0.08450344949960709,-0.1224040538072586,0.20689310133457184,0.20803940296173096,-0.18023335933685303,0.16545096039772034,0.2707107365131378,-0.18669834733009338,0.14686588943004608,0.29916852712631226,-0.18172748386859894
L,0.20217658579349518,0.260725200176239,-1.1557481229829136e-06,0.3030431270599365,0.31092071533203125,-0.05892666429281235,0.4256139099597931,0.3233739137649536,-0.09907744079828262,0.508542537689209,0.30305659770965576,-0.13231268525123596,0.5475978851318359,0.26561611890792847,-0.1643541157245636,0.47525638341903687,0.19608215987682343,-0.12637686729431152,0.44035816192626953,0.33491313457489014,-0.2049727439880371,0.3765464425086975,0.38346782326698303,-0.25081491470336914,0.31839245557785034,0.4070243239402771,-0.2728669047355652,0.40837717056274414,0.13992764055728912,-0.12323925644159317,0.34380021691322327,0.30402737855911255,-0.1852468103170395,0.2954671382904053,0.35083138942718506,-0.1996128261089325,0.2570075988769531,0.3767794668674469,-0.20960955321788788,0.33107343316078186,0.10703153163194656,-0.1245364099740982,0.2632984220981598,0.26046890020370483,-0.1797124594449997,0.22472287714481354,0.31593430042266846,-0.17514371871948242,0.19604641199111938,0.34935057163238525,-0.16888724267482758,0.24755480885505676,0.08933374285697937,-0.1321764886379242,0.19099874794483185,0.20018090307712555,-0.17686069011688232,0.16331595182418823,0.2607090473175049,-0.17951080203056335,0.15164080262184143,0.29714202880859375,-0.17560650408267975
L,0.21679040789604187,0.2626907527446747,-1.1606402949837502e-06,0.3221845030784607,0.316376656293869,-0.06407789140939713,0.44182348251342773,0.32121819257736206,-0.09933160245418549,0.5111542344093323,0.28201597929000854,-0.1256905049085617,0.5422462224960327,0.22628730535507202,-0.1505337953567505,0.4744516611099243,0.19242659211158752,-0.12477761507034302,0.4302971065044403,0.33462458848953247,-0.19325217604637146,0.3720974326133728,0.38305094838142395,-0.22848916053771973,0.32436543703079224,0.40317410230636597,-0.24483473598957062,0.40709295868873596,0.13952100276947021,-0.11663979291915894,0.3314151167869568,0.3082582354545593,-0.1693563610315323,0.2891848683357239,0.3515501618385315,-0.17780263721942902,0.26328009366989136,0.37245213985443115,-0.18519164621829987,0.3290109932422638,0.11003938317298889,-0.1128876581788063,0.25231289863586426,0.2663390338420868,-0.16601310670375824,0.22105927765369415,0.3181551694869995,-0.16012147068977356,0.20526474714279175,0.3457033038139343,-0.15353110432624817,0.24385204911231995,0.09467089921236038,-0.11558657139539719,0.1822066456079483,0.20978298783302307,-0.16290749609470367,0.15744180977344513,0.2721157371997833,-0.16651786863803864,0.15074464678764343,0.30614474415779114,-0.1629069745540619
L,0.2763812243938446,0.23585979640483856,-9.045724596035143e-07,0.19957591593265533,0.22580580413341522,-0.10181399434804916,0.13656103610992432,0.2252277433872223,-0.18661096692085266,0.10761672258377075,0.26887190341949463,-0.25676172971725464,0.09131768345832825,0.31405794620513916,-0.3219982385635376,0.3182615339756012,0.09787005186080933,-0.19664113223552704,0.2502288520336151,0.2451530396938324,-0.2783779203891754,0.19484928250312805,0.31863629817962646,-0.3201708197593689,0.16390450298786163,0.3547433316707611,-0.3449164927005768,0.39821499586105347,0.12937265634536743,-0.1828756332397461,0.3060184419155121,0.2987009286880493,-0.26057955622673035,0.2582021951675415,0.3505748510360718,-0.2856939435005188,0.2336568981409073,0.37123408913612366,-0.30331432819366455,0.4488224983215332,0.17834053933620453,-0.1715352088212967,0.3585316836833954,0.3343709111213684,-0.2428637146949768,0.3117108643054962,0.3769521117210388,-0.2470787763595581,0.2853155732154846,0.3881530463695526,-0.2446998655796051,0.4692336916923523,0.229705810546875,-0.16886061429977417,0.4210677742958069,0.34130793809890747,-0.22643284499645233,0.3946946859359741,0.37542659044265747,-0.23442067205905914,0.3891187608242035,0.38262486457824707,-0.23316505551338196
L,0.2071353644132614,0.2441534548997879,-1.2385160061967326e-06,0.2746392786502838,0.28007233142852783,-0.07097119092941284,0.37439942359924316,0.2930722236633301,-0.12468025088310242,0.4504528045654297,0.29192498326301575,-0.17007605731487274,0.49301567673683167,0.2742772698402405,-0.21262621879577637,0.4520466923713684,0.16016913950443268,-0.14679639041423798,0.42839476466178894,0.2925260365009308,-0.23350252211093903,0.3583389222621918,0.37124234437942505,-0.28237059712409973,0.3025614619255066,0.4117893874645233,-0.3078097403049469,0.40169692039489746,0.12420239299535751,-0.1429344266653061,0.3621034026145935,0.27294716238975525,-0.2195281833410263,0.30372709035873413,0.3464489281177521,-0.23636314272880554,0.2603841722011566,0.38694173097610474,-0.24500618875026703,0.3390587568283081,0.10563144832849503,-0.14432299137115479,0.2964257001876831,0.24116151034832,-0.21604639291763306,0.25311702489852905,0.3219716548919678,-0.2108030915260315,0.2203282117843628,0.3683933615684509,-0.1999599039554596,0.26743224263191223,0.09813197702169418,-0.15215858817100525,0.23067665100097656,0.20811247825622559,-0.2104332000017166,0.19770008325576782,0.2796829640865326,-0.214091494679451,0.17769642174243927,0.31778979301452637,-0.20879796147346497
L,0.2638254463672638,0.2239386886358261,-8.154567581186711e-07,0.2035026103258133,0.21875302493572235,-0.09894776344299316,0.1397940218448639,0.22636061906814575,-0.18624909222126007,0.09570622444152832,0.26893913745880127,-0.26091673970222473,0.0644698441028595,0.301924467086792,-0.3306874632835388,0.3224385976791382,0.1014828011393547,-0.18763451278209686,0.26412951946258545,0.2337423413991928,-0.2763640880584717,0.20195382833480835,0.30197930335998535,-0.3236149847507477,0.16546860337257385,0.3271765410900116,-0.3506610691547394,0.3830622434616089,0.13334959745407104,-0.17811839282512665,0.3123108446598053,0.28328049182891846,-0.2682743966579437,0.26033255457878113,0.3387455940246582,-0.29648062586784363,0.2350931167602539,0.3554961681365967,-0.3121853768825531,0.41670680046081543,0.17465250194072723,-0.17247849702835083,0.34529632329940796,0.3115341067314148,-0.2501789927482605,0.3021593689918518,0.36166712641716003,-0.2546670436859131,0.2776387333869934,0.37322089076042175,-0.25034958124160767,0.42277103662490845,0.21743664145469666,-0.17542220652103424,0.371121883392334,0.3281342387199402,-0.2299828678369522,0.33742278814315796,0.3652288615703583,-0.23604929447174072,0.32522547245025635,0.37013426423072815,-0.23410063982009888
L,0.2236066460609436,0.2202122062444687,-1.119870830734726e-06,0.2994820773601532,0.2561376690864563,-0.04936425760388374,0.38835030794143677,0.2826487720012665,-0.09612718969583511,0.4490278959274292,0.2948077917098999,-0.13831140100955963,0.47662854194641113,0.29007089138031006,-0.179055318236351,0.44266781210899353,0.19128169119358063,-0.13152575492858887,0.4088759422302246,0.31424373388290405,-0.20547915995121002,0.34250232577323914,0.3747223913669586,-0.24347472190856934,0.29294538497924805,0.3953944444656372,-0.26359134912490845,0.3879331648349762,0.14829488098621368,-0.13566699624061584,0.3466162383556366,0.29032987356185913,-0.2044975459575653,0.29042181372642517,0.3571067452430725,-0.2127857357263565,0.25197646021842957,0.384519100189209,-0.2169618308544159,0.3267814815044403,0.11573891341686249,-0.1420636773109436,0.28526976704597473,0.24704694747924805,-0.20699502527713776,0.2433081716299057,0.3221396207809448,-0.19140905141830444,0.21208840608596802,0.3602273166179657,-0.17465080320835114,0.25802046060562134,0.09056658297777176,-0.1531440168619156,0.22321371734142303,0.19051465392112732,-0.2044997364282608,0.18969427049160004,0.2595636546611786,-0.197759747505188,0.16846361756324768,0.29665693640708923,-0.1859331727027893
L,0.1904606968164444,0.2668948173522949,-9.93072944766027e-07,0.23827826976776123,0.29303210973739624,-0.06716849654912949,0.2864944636821747,0.31018245220184326,-0.11968232691287994,0.3107079267501831,0.31581324338912964,-0.16392989456653595,0.32650867104530334,0.3170402944087982,-0.2024194896221161,0.44943881034851074,0.16808627545833588,-0.11534873396158218,0.40195557475090027,0.333962082862854,-0.187504842877388,0.3234708607196808,0.36975324153900146,-0.22838334739208221,0.2715930938720703,0.367012619972229,-0.25121963024139404,0.41050076484680176,0.13280370831489563,-0.11154603213071823,0.3334403932094574,0.3256378173828125,-0.17634427547454834,0.2705960273742676,0.35249534249305725,-0.19413155317306519,0.2355455607175827,0.3510623574256897,-0.2037927657365799,0.34968817234039307,0.11884663999080658,-0.11297384649515152,0.2732515335083008,0.2980882525444031,-0.1754339635372162,0.22759225964546204,0.3260851204395294,-0.17625682055950165,0.20077157020568848,0.3265764117240906,-0.16980499029159546,0.27335935831069946,0.11368345469236374,-0.12103289365768433,0.21285441517829895,0.23998501896858215,-0.17701219022274017,0.18095852434635162,0.2860237956047058,-0.1856805831193924,0.16657967865467072,0.30400732159614563,-0.18118003010749817
L,0.37842804193496704,0.12136899679899216,-5.606371473731997e-07,0.2661445736885071,0.12121997773647308,-0.09042241424322128,0.14547480642795563,0.16259980201721191,-0.18127086758613586,0.07063508033752441,0.23876234889030457,-0.2611849904060364,0.04549562931060791,0.30206602811813354,-0.34141674637794495,0.25715428590774536,0.10008513182401657,-0.21599960327148438,0.217643603682518,0.17691293358802795,-0.29306745529174805,0.1913965493440628,0.27015286684036255,-0.32844817638397217,0.17300307750701904,0.32802510261535645,-0.3477533459663391,0.34253889322280884,0.1555149257183075,-0.20681333541870117,0.34157589077949524,0.1971171647310257,-0.29210805892944336,0.2972126007080078,0.29525473713874817,-0.31219762563705444,0.2575288712978363,0.347570538520813,-0.32204335927963257,0.42218017578125,0.19670040905475616,-0.19581179320812225,0.4153452217578888,0.24281582236289978,-0.2670603096485138,0.37594571709632874,0.329037606716156,-0.26449960470199585,0.33301395177841187,0.3747178912162781,-0.25592657923698425,0.4827345311641693,0.22777573764324188,-0.1913597732782364,0.48384279012680054,0.289542019367218,-0.24601659178733826,0.4598757028579712,0.34672680497169495,-0.24870292842388153,0.433402955532074,0.3741903007030487,-0.24709062278270721
L,0.28765031695365906,0.2501363754272461,-9.621367098588962e-07,0.2086566686630249,0.23574191331863403,-0.09052868187427521,0.13993315398693085,0.22365474700927734,-0.16527846455574036,0.10693216323852539,0.26190003752708435,-0.22627253830432892,0.0894710123538971,0.3000578284263611,-0.2810323238372803,0.3145122528076172,0.10384756326675415,-0.17178094387054443,0.24462497234344482,0.26866596937179565,-0.2442370504140854,0.19726108014583588,0.3158186674118042,-0.28005674481391907,0.17816109955310822,0.30736249685287476,-0.3037601709365845,0.3965143859386444,0.13782447576522827,-0.16165879368782043,0.3115023970603943,0.32526278495788574,-0.23040887713432312,0.26316753029823303,0.34770822525024414,-0.2483777105808258,0.2471984624862671,0.3250294029712677,-0.2631312608718872,0.45329201221466064,0.19220039248466492,-0.1545412242412567,0.377981960773468,0.36232858896255493,-0.2182028740644455,0.32733285427093506,0.3694899082183838,-0.21718564629554749,0.3067036271095276,0.3387596309185028,-0.21379995346069336,0.48359426856040955,0.25256961584091187,-0.15571501851081848,0.441343754529953,0.3681207299232483,-0.20683324337005615,0.39943552017211914,0.3765125274658203,-0.21214891970157623,0.3832133114337921,0.3568883538246155,-0.21093660593032837
L,0.1377476155757904,0.27080029249191284,-7.244553330565395e-07,0.18885117769241333,0.2653079926967621,-0.041265688836574554,0.22066399455070496,0.2626602053642273,-0.09079121053218842,0.2261980175971985,0.2669313848018646,-0.13877390325069427,0.23274026811122894,0.2743957042694092,-0.18263117969036102,0.35671529173851013,0.12802478671073914,-0.08954069018363953,0.3870290517807007,0.1984844207763672,-0.15444456040859222,0.34727153182029724,0.2902914881706238,-0.18797624111175537,0.3064095973968506,0.3435595631599426,-0.20611494779586792,0.35058510303497314,0.1109943836927414,-0.09844549745321274,0.38219958543777466,0.1902896761894226,-0.17123326659202576,0.3345331847667694,0.2985658049583435,-0.19155119359493256,0.2890208959579468,0.3623042106628418,-0.19638557732105255,0.32392796874046326,0.10959165543317795,-0.10993652045726776,0.34546682238578796,0.18370789289474487,-0.17725153267383575,0.3062658905982971,0.290077269077301,-0.17168168723583221,0.26317542791366577,0.35066983103752136,-0.15656937658786774,0.27537524700164795,0.11835408210754395,-0.12468995153903961,0.2797733247280121,0.19850358366966248,-0.18399371206760406,0.2519899308681488,0.27845942974090576,-0.18711285293102264,0.22319072484970093,0.32229483127593994,-0.1774996519088745
L,0.10683570802211761,0.32289719581604004,-6.221313810783613e-07,0.20649322867393494,0.35752296447753906,-0.0620318204164505,0.3164346218109131,0.37679219245910645,-0.11957600712776184,0.4163748323917389,0.40493446588516235,-0.174916073679924,0.47715437412261963,0.4284016489982605,-0.22480185329914093,0.41170039772987366,0.23582026362419128,-0.10777103155851364,0.48550668358802795,0.22704383730888367,-0.1870591938495636,0.43722003698349,0.32155436277389526,-0.2257719188928604,0.39087891578674316,0.3799628019332886,-0.2458600401878357,0.36030977964401245,0.18721172213554382,-0.11146649718284607,0.42622342705726624,0.17770875990390778,-0.20984376966953278,0.35440847277641296,0.30301403999328613,-0.23692835867404938,0.2986788749694824,0.37514016032218933,-0.2421112358570099,0.29564306139945984,0.15124468505382538,-0.12028876692056656,0.34680262207984924,0.13849766552448273,-0.20598794519901276,0.2960384786128998,0.265514612197876,-0.1900659203529358,0.24536901712417603,0.34185484051704407,-0.16401532292366028,0.215853750705719,0.1264093518257141,-0.1330762356519699,0.2569625973701477,0.1240038126707077,-0.20115011930465698,0.22837448120117188,0.2239244282245636,-0.19237880408763885,0.1944093257188797,0.2836204171180725,-0.1729213446378708
L,0.09525024890899658,0.43136346340179443,-6.725200023538491e-07,0.22754192352294922,0.4594687521457672,-0.05198345333337784,0.35598480701446533,0.44901448488235474,-0.09554080665111542,0.4623563289642334,0.4256402552127838,-0.1401490420103073,0.5103449821472168,0.3942677974700928,-0.17708149552345276,0.43509793281555176,0.2886776328086853,-0.0672517716884613,0.5104892253875732,0.222096785902977,-0.16196119785308838,0.46053895354270935,0.3228236436843872,-0.21390730142593384,0.4134026765823364,0.39388275146484375,-0.23425047099590302,0.3668111562728882,0.23881810903549194,-0.07457002997398376,0.4350748062133789,0.18830154836177826,-0.18778011202812195,0.37151408195495605,0.32184040546417236,-0.22542539238929749,0.32153230905532837,0.396797239780426,-0.2300054132938385,0.2893575429916382,0.20327158272266388,-0.0896989181637764,0.3489820957183838,0.15296679735183716,-0.18808913230895996,0.29932427406311035,0.2893863320350647,-0.17167329788208008,0.2537434697151184,0.3646356463432312,-0.1370709389448166,0.19790390133857727,0.17760467529296875,-0.10795953869819641,0.2626514434814453,0.1366335153579712,-0.17531578242778778,0.23260408639907837,0.24502724409103394,-0.1569482386112213,0.19840285181999207,0.3043951988220215,-0.12555257976055145
L,0.08888652920722961,0.4154362678527832,-1.157179781330342e-06,0.16790027916431427,0.3934786319732666,-0.04431740567088127,0.26472508907318115,0.3414478898048401,-0.0776284858584404,0.3628614544868469,0.2772054076194763,-0.11079789698123932,0.4252711534500122,0.23020251095294952,-0.1351039707660675,0.40181493759155273,0.278111070394516,-0.05009850487112999,0.47084301710128784,0.20493170619010925,-0.13084621727466583,0.41228967905044556,0.29707345366477966,-0.17730312049388885,0.36796605587005615,0.36667943000793457,-0.1976390779018402,0.3657207787036896,0.24841758608818054,-0.055559564381837845,0.4248513877391815,0.18446289002895355,-0.15567634999752045,0.3519940674304962,0.30159395933151245,-0.19238856434822083,0.3064228594303131,0.3726438879966736,-0.19886597990989685,0.31716975569725037,0.22713646292686462,-0.06745698302984238,0.36112719774246216,0.16079340875148773,-0.1546085923910141,0.3022463619709015,0.28089672327041626,-0.1402272880077362,0.26078349351882935,0.3502499461174011,-0.11051628738641739,0.24710705876350403,0.21222436428070068,-0.08204125612974167,0.29714199900627136,0.1560804545879364,-0.14734412729740143,0.2547574043273926,0.2502194941043854,-0.13279852271080017,0.2179059088230133,0.3046947717666626,-0.10551925003528595
L,0.11251972615718842,0.3197948932647705,-5.899867119296687e-07,0.20263724029064178,0.34706902503967285,-0.061241500079631805,0.29394635558128357,0.3644827902317047,-0.12234334647655487,0.3827201724052429,0.3831658959388733,-0.1811913698911667,0.44910186529159546,0.3956800699234009,-0.2338828295469284,0.3890409469604492,0.22832807898521423,-0.11714274436235428,0.4806799590587616,0.21035873889923096,-0.2010575532913208,0.44079893827438354,0.3070591390132904,-0.23998206853866577,0.3970130980014801,0.3655203580856323,-0.25854799151420593,0.33759257197380066,0.1899559646844864,-0.12219461798667908,0.4220544695854187,0.17029215395450592,-0.22369609773159027,0.36403608322143555,0.30035826563835144,-0.25141003727912903,0.31721723079681396,0.37072688341140747,-0.2573472559452057,0.2774316668510437,0.16114740073680878,-0.1319131702184677,0.34624868631362915,0.14046522974967957,-0.21995869278907776,0.3029560148715973,0.2692049443721771,-0.20634149014949799,0.25402820110321045,0.3424278497695923,-0.18215979635715485,0.2033046931028366,0.13988083600997925,-0.14522556960582733,0.2552180886268616,0.1329122632741928,-0.21492597460746765,0.23289915919303894,0.23309645056724548,-0.20905043184757233,0.19906529784202576,0.293647825717926,-0.19231396913528442
L,0.08675733208656311,0.33793264627456665,-4.012498777683504e-07,0.21197615563869476,0.3693004250526428,-0.04310629144310951,0.3230551779270172,0.3932342231273651,-0.09088215976953506,0.42405158281326294,0.4193572402000427,-0.13949188590049744,0.48993241786956787,0.4281230866909027,-0.18304024636745453,0.3909122347831726,0.22188475728034973,-0.08810970187187195,0.46879473328590393,0.22900910675525665,-0.15818023681640625,0.4435284435749054,0.31916284561157227,-0.19108326733112335,0.4067830443382263,0.3724501132965088,-0.20754024386405945,0.33444851636886597,0.17749609053134918,-0.10048727691173553,0.4069874882698059,0.17443740367889404,-0.19692520797252655,0.3661639094352722,0.3031710386276245,-0.22928035259246826,0.3236972987651825,0.37611570954322815,-0.23916074633598328,0.26588988304138184,0.14941531419754028,-0.11462807655334473,0.32718411087989807,0.1405031383037567,-0.19707953929901123,0.29469969868659973,0.2732422351837158,-0.1838434934616089,0.2510010004043579,0.3508598506450653,-0.16003692150115967,0.18359698355197906,0.13586199283599854,-0.13116967678070068,0.23743271827697754,0.1291680783033371,-0.19587519764900208,0.22508475184440613,0.23141413927078247,-0.18654440343379974,0.1976514309644699,0.29118040204048157,-0.16696199774742126
L,0.10326370596885681,0.3091285228729248,-6.101048484197236e-07,0.20635029673576355,0.3391302824020386,-0.05554408207535744,0.3189257085323334,0.36400485038757324,-0.1098494902253151,0.4132222533226013,0.3953266441822052,-0.16313743591308594,0.4811243414878845,0.41303518414497375,-0.2107401192188263,0.41276589035987854,0.21903684735298157,-0.10492823272943497,0.48181796073913574,0.2326095700263977,-0.18885354697704315,0.4408297538757324,0.32162177562713623,-0.23189686238765717,0.3983703851699829,0.37245264649391174,-0.25230836868286133,0.3585887849330902,0.17359934747219086,-0.11135323345661163,0.41748860478401184,0.18747380375862122,-0.20659609138965607,0.36435240507125854,0.3009621500968933,-0.22941705584526062,0.31410032510757446,0.3695474863052368,-0.23035725951194763,0.2931220531463623,0.13950267434120178,-0.12404676526784897,0.33623385429382324,0.16144925355911255,-0.20768512785434723,0.300972044467926,0.27964484691619873,-0.19901017844676971,0.25784504413604736,0.35300058126449585,-0.1764976680278778,0.2133769541978836,0.11489462852478027,-0.14116422832012177,0.2396552562713623,0.15267692506313324,-0.2064167857170105,0.2208791822195053,0.24413195252418518,-0.2064208835363388,0.19626770913600922,0.3031502366065979,-0.19257193803787231
L,0.1048421859741211,0.3162385821342468,-5.539246217267646e-07,0.21381479501724243,0.3534342646598816,-0.0542168989777565,0.33574655652046204,0.3734297752380371,-0.10621846467256546,0.43921124935150146,0.40049490332603455,-0.1584392488002777,0.5159146785736084,0.416657418012619,-0.205335333943367,0.4303278923034668,0.19830100238323212,-0.0838804543018341,0.4845137596130371,0.24951407313346863,-0.16770032048225403,0.4448418915271759,0.33176660537719727,-0.21603403985500336,0.4026537239551544,0.37963980436325073,-0.24010494351387024,0.37286806106567383,0.14625167846679688,-0.09230583161115646,0.4181162714958191,0.21253445744514465,-0.1809374988079071,0.3622765839099884,0.3173515200614929,-0.20603029429912567,0.31079965829849243,0.37284988164901733,-0.2100098431110382,0.29922613501548767,0.11480793356895447,-0.1084262877702713,0.33247652649879456,0.17936289310455322,-0.19003021717071533,0.28774166107177734,0.293775737285614,-0.1787673383951187,0.2408735305070877,0.3589337170124054,-0.1544281542301178,0.21173091232776642,0.09854873269796371,-0.1296897679567337,0.2402614951133728,0.15474426746368408,-0.19257186353206635,0.21782758831977844,0.24770411849021912,-0.18680056929588318,0.18991215527057648,0.30302196741104126,-0.16792815923690796
L,0.9473163485527039,0.21693070232868195,4.5849313323742535e-07,0.9653646349906921,0.23427221179008484,-0.04505550488829613,0.9610752463340759,0.2561606764793396,-0.06995061784982681,0.9416080713272095,0.270610511302948,-0.08529601991176605,0.9215076565742493,0.28117984533309937,-0.09996531158685684,0.915141761302948,0.2366480976343155,-0.07268861681222916,0.8730145692825317,0.2533824145793915,-0.1003216952085495,0.8377266526222229,0.2695251703262329,-0.11771714687347412,0.8103577494621277,0.2821376323699951,-0.1279621422290802,0.8987879753112793,0.23486098647117615,-0.057244282215833664,0.8545251488685608,0.2513936161994934,-0.0806950256228447,0.8208020925521851,0.26863032579421997,-0.0919930711388588,0.7920853495597839,0.2824937105178833,-0.09954731911420822,0.8878493905067444,0.2377222329378128,-0.04354134202003479,0.8503308892250061,0.2520989179611206,-0.06285841763019562,0.8213841319084167,0.26683157682418823,-0.07059220969676971,0.7960698008537292,0.2782677412033081,-0.07485257089138031,0.8830728530883789,0.24332424998283386,-0.03287521004676819,0.8533350229263306,0.254116952419281,-0.048607781529426575,0.8307769894599915,0.2637327015399933,-0.05588424578309059,0.8107813596725464,0.27144762873649597,-0.060346413403749466
L,0.4210028350353241,0.25615087151527405,2.2887638806423638e-07,0.4294508993625641,0.2353316992521286,-0.009724820964038372,0.4324253499507904,0.21217696368694305,-0.015323266386985779,0.43370047211647034,0.19485074281692505,-0.020726991817355156,0.43365478515625,0.18208536505699158,-0.02552281692624092,0.41586440801620483,0.18756163120269775,-0.0072140744887292385,0.4064817726612091,0.15723970532417297,-0.017270071431994438,0.4031204879283905,0.13468506932258606,-0.026112137362360954,0.4014352560043335,0.11575634777545929,-0.0315835177898407,0.41248461604118347,0.18677213788032532,-0.007893583737313747,0.4036431312561035,0.15657944977283478,-0.016912400722503662,0.4000304341316223,0.132508784532547,-0.025075871497392654,0.39847856760025024,0.11289609223604202,-0.030055491253733635,0.4110986590385437,0.18753187358379364,-0.009883979335427284,0.4044153690338135,0.1590971052646637,-0.017364155501127243,0.4012790024280548,0.13678163290023804,-0.02176743745803833,0.39935752749443054,0.11919857561588287,-0.023747114464640617,0.4116653501987457,0.18974095582962036,-0.01308102160692215,0.40661105513572693,0.1661117523908615,-0.017876818776130676,0.40382564067840576,0.14851905405521393,-0.018904808908700943,0.4026641547679901,0.13387128710746765,-0.018757395446300507
M,0.24827682971954346,0.33307990431785583,-8.569932106183842e-07,0.3828888535499573,0.4024525284767151,0.03142870217561722,0.5154083371162415,0.44738584756851196,0.0204360019415617,0.6014212965965271,0.4912351965904236,-0.009800068102777004,0.6699391603469849,0.5210978984832764,-0.03956574946641922,0.6456103324890137,0.3162291944026947,0.013785312883555889,0.7288634181022644,0.41806599497795105,-0.03490426763892174,0.7271155118942261,0.47594940662384033,-0.06652768701314926,0.7121259570121765,0.5059908032417297,-0.08364758640527725,0.6420496106147766,0.2812681198120117,-0.030271152034401894,0.6152977347373962,0.4768087565898895,-0.09534351527690887,0.49965977668762207,0.5269004106521606,-0.11228963732719421,0.4041321873664856,0.5307741165161133,-0.11025459319353104,0.6077169179916382,0.2685130834579468,-0.07545056194067001,0.5521519780158997,0.48099708557128906,-0.13518474996089935,0.4332004189491272,0.5117788910865784,-0.12584073841571808,0.345834881067276,0.5053586363792419,-0.1050281971693039,0.5613397359848022,0.2697056829929352,-0.1200360655784607,0.504371166229248,0.4513463079929352,-0.1554940640926361,0.40665775537490845,0.4801896810531616,-0.14518876373767853,0.3391638398170471,0.47680655121803284,-0.12639063596725464
M,0.3146122992038727,0.33612388372421265,-5.565131573348481e-07,0.446954607963562,0.4149650037288666,-0.0037056398577988148,0.584185779094696,0.4632663428783417,-0.027112776413559914,0.6857383847236633,0.4941812753677368,-0.06201768293976784,0.763637900352478,0.5243759155273438,-0.09127151221036911,0.7444830536842346,0.35393568873405457,-0.023702578619122505,0.8214177489280701,0.4908449649810791,-0.10276252031326294,0.7878443598747253,0.5819197297096252,-0.14769059419631958,0.7446987628936768,0.6272072196006775,-0.16546455025672913,0.7256184816360474,0.3021659851074219,-0.053677335381507874,0.6996061205863953,0.5249876976013184,-0.14776603877544403,0.5585642457008362,0.5726354718208313,-0.16458286345005035,0.4404304623603821,0.5748637914657593,-0.15159326791763306,0.6697825193405151,0.2704216241836548,-0.0901794359087944,0.5766652822494507,0.5026070475578308,-0.17514364421367645,0.44347965717315674,0.5278811454772949,-0.1652137041091919,0.3524627685546875,0.5273767709732056,-0.1333347111940384,0.5950037240982056,0.25762251019477844,-0.12898342311382294,0.5153814554214478,0.4500694274902344,-0.17772364616394043,0.42375826835632324,0.4876970648765564,-0.16891813278198242,0.368343710899353,0.4967274069786072,-0.14508949220180511
M,0.3128044903278351,0.345633327960968,-3.739730232155125e-07,0.43870967626571655,0.43617987632751465,-0.009422092698514462,0.5685385465621948,0.4923686981201172,-0.03769116476178169,0.6644136309623718,0.5228126049041748,-0.07572732865810394,0.7454975247383118,0.5544033646583557,-0.1103367805480957,0.7373591065406799,0.3613634705543518,-0.038509905338287354,0.8211779594421387,0.5119897723197937,-0.12335395812988281,0.8037281632423401,0.6026979088783264,-0.17392614483833313,0.7741636037826538,0.6490906476974487,-0.19721907377243042,0.7170647382736206,0.30209672451019287,-0.06851209700107574,0.6978107690811157,0.5208138823509216,-0.16623198986053467,0.56051105260849,0.5752400159835815,-0.18788139522075653,0.4514645040035248,0.5794516801834106,-0.1805913895368576,0.6552014946937561,0.26761624217033386,-0.10446880012750626,0.5769343376159668,0.5017440915107727,-0.20123428106307983,0.44514474272727966,0.5305328965187073,-0.19497308135032654,0.35424044728279114,0.5233935117721558,-0.16539062559604645,0.5732693672180176,0.2521030902862549,-0.14192798733711243,0.5117365121841431,0.447642982006073,-0.2070896476507187,0.40947234630584717,0.49738553166389465,-0.2002793252468109,0.33899667859077454,0.5076876878738403,-0.17619025707244873
M,0.2946451008319855,0.35493719577789307,-6.206218472470937e-08,0.4205321669578552,0.4432990849018097,0.0028120430652052164,0.5530356764793396,0.48930713534355164,-0.02022465504705906,0.6443382501602173,0.5191711783409119,-0.05791427195072174,0.7243843674659729,0.5543509721755981,-0.09203911572694778,0.7237036824226379,0.3766460120677948,-0.009449981153011322,0.8377193212509155,0.482549786567688,-0.08401954174041748,0.8768060207366943,0.5836389660835266,-0.13054531812667847,0.8809247016906738,0.6566141843795776,-0.15266728401184082,0.7115153074264526,0.3128051161766052,-0.04532558470964432,0.7139695286750793,0.4981711804866791,-0.14081232249736786,0.5844085812568665,0.5662509202957153,-0.16595041751861572,0.4677804708480835,0.5835822820663452,-0.15795134007930756,0.6564429998397827,0.2739044427871704,-0.08629648387432098,0.5784581303596497,0.4884611964225769,-0.17298860847949982,0.44484561681747437,0.5323508977890015,-0.1643018126487732,0.3509526252746582,0.532151460647583,-0.13273297250270844,0.5798805952072144,0.25214946269989014,-0.12910588085651398,0.5102012753486633,0.439631849527359,-0.1814194619655609,0.4160149097442627,0.4890094995498657,-0.17095273733139038,0.35529887676239014,0.49230387806892395,-0.14463138580322266
M,0.2917882204055786,0.37373822927474976,-2.2042628700091882e-07,0.42595648765563965,0.4574231505393982,0.0015744961565360427,0.5754120349884033,0.4973589777946472,-0.014602379873394966,0.6725905537605286,0.518312931060791,-0.04489512741565704,0.7529862523078918,0.5367456078529358,-0.07258658856153488,0.7262424826622009,0.3736264705657959,0.0001527042913949117,0.817162036895752,0.48336148262023926,-0.07327786833047867,0.8382863998413086,0.5787725448608398,-0.12305805832147598,0.8400293588638306,0.6437042951583862,-0.14933186769485474,0.7133612632751465,0.31475454568862915,-0.03488565608859062,0.7060374617576599,0.5100902915000916,-0.13373051583766937,0.5677299499511719,0.5773494243621826,-0.15879520773887634,0.4513988494873047,0.5923510193824768,-0.15091705322265625,0.6635095477104187,0.2770749628543854,-0.07640522718429565,0.6039418578147888,0.4996713399887085,-0.16530261933803558,0.4657111167907715,0.539095938205719,-0.1519239991903305,0.36885422468185425,0.5351743102073669,-0.11723912507295609,0.5913336873054504,0.25613242387771606,-0.12057986855506897,0.5322146415710449,0.456013023853302,-0.1748577207326889,0.43219250440597534,0.49530431628227234,-0.16347727179527283,0.3682781457901001,0.4911873936653137,-0.13704504072666168
M,0.332461953163147,0.7911254167556763,-1.3382910992731922e-06,0.46745800971984863,0.7096614241600037,-0.02933117188513279,0.5672597885131836,0.5765063762664795,-0.06141367182135582,0.6421235203742981,0.4340745508670807,-0.10582167655229568,0.6837432384490967,0.3466140925884247,-0.14847278594970703,0.4109082818031311,0.3955191969871521,0.010136067867279053,0.5104460120201111,0.28803232312202454,-0.05021970346570015,0.5536568760871887,0.371135950088501,-0.08997584134340286,0.5517655611038208,0.46540987491607666,-0.10906794667243958,0.3253140151500702,0.37894207239151,-0.010173910297453403,0.41734132170677185,0.24829566478729248,-0.07250610738992691,0.47691044211387634,0.3699321448802948,-0.09659044444561005,0.47302794456481934,0.4760856628417969,-0.1019839197397232,0.2460862696170807,0.3830643892288208,-0.04046713188290596,0.3167564868927002,0.2436736524105072,-0.10039591044187546,0.38251209259033203,0.3569459319114685,-0.08594197779893875,0.3858327269554138,0.4601585566997528,-0.06266287714242935,0.1667686253786087,0.4256618618965149,-0.07392936199903488,0.22165252268314362,0.28952980041503906,-0.10044801980257034,0.29250261187553406,0.3679564893245697,-0.069949671626091,0.3143506944179535,0.45433521270751953,-0.041149020195007324
N,0.6523541808128357,0.09917841106653214,2.151610090095346e-07,0.6494812369346619,0.12112025171518326,-0.013734151609241962,0.6557150483131409,0.137600839138031,-0.021612834185361862,0.6612889766693115,0.15383116900920868,-0.02829182893037796,0.6659060716629028,0.16489523649215698,-0.034089796245098114,0.6985104084014893,0.12649917602539062,-0.00988936610519886,0.7219913601875305,0.13809777796268463,-0.0176105834543705,0.7355762720108032,0.14979755878448486,-0.024251963943243027,0.7456228733062744,0.15938884019851685,-0.028567573055624962,0.7066277861595154,0.11774992197751999,-0.007107964716851711,0.7305893301963806,0.12955370545387268,-0.013358528725802898,0.7449131608009338,0.14032766222953796,-0.018771464005112648,0.7569511532783508,0.1500614732503891,-0.022635512053966522,0.711659848690033,0.10981488972902298,-0.005776606500148773,0.734512448310852,0.12089275568723679,-0.010627428069710732,0.748012125492096,0.13127563893795013,-0.012792937457561493,0.7587802410125732,0.14064203202724457,-0.013824543915688992,0.7148160934448242,0.10246077924966812,-0.0059442538768053055,0.7349209189414978,0.11228378862142563,-0.009028463624417782,0.7474822402000427,0.12053067982196808,-0.009251834824681282,0.7564064264297485,0.1285342276096344,-0.008884632028639317
N,0.0644124448299408,0.5998573899269104,4.028785554055503e-07,0.0969737246632576,0.5810075998306274,-0.014451304450631142,0.11885753273963928,0.5464546084403992,-0.02188306674361229,0.1257849484682083,0.518211305141449,-0.02955988608300686,0.12459513545036316,0.49516353011131287,-0.03738997131586075,0.10099773854017258,0.502078652381897,-0.011721075512468815,0.11433486640453339,0.45781606435775757,-0.03272728994488716,0.13798309862613678,0.4285057783126831,-0.04935069754719734,0.16127938032150269,0.40994492173194885,-0.05872833728790283,0.08800984919071198,0.49930340051651,-0.013500267639756203,0.10243615508079529,0.45516064763069153,-0.03266514837741852,0.12915845215320587,0.4334774911403656,-0.0469185970723629,0.15595197677612305,0.4215025305747986,-0.05497996136546135,0.07538722455501556,0.5005517601966858,-0.01794070191681385,0.08898073434829712,0.4577203094959259,-0.03458557650446892,0.11598187685012817,0.4408627152442932,-0.043135449290275574,0.14236658811569214,0.4335704445838928,-0.046600986272096634,0.062102437019348145,0.5059968829154968,-0.024002091959118843,0.0744117945432663,0.4713740944862366,-0.03576984629034996,0.09500527381896973,0.45555561780929565,-0.039992015808820724,0.1155940517783165,0.44688212871551514,-0.04146968573331833
N,0.06893493235111237,0.5594990849494934,1.7097192994697252e-07,0.1036614179611206,0.5470048785209656,-0.0081322668120265,0.12747055292129517,0.5147829651832581,-0.007631945423781872,0.1354908049106598,0.48711130023002625,-0.007259111851453781,0.1339121311903,0.4674423336982727,-0.0057053049094974995,0.10684697329998016,0.46170565485954285,0.007586308754980564,0.11906184256076813,0.42585253715515137,0.0010867043165490031,0.13905851542949677,0.41434115171432495,-0.007252371869981289,0.15704891085624695,0.4109460115432739,-0.012206342071294785,0.09573058038949966,0.4579209089279175,0.00806349329650402,0.10893917828798294,0.4225986897945404,0.004427197389304638,0.1277964860200882,0.41322579979896545,-0.0024479138664901257,0.14513163268566132,0.4103710353374481,-0.006880041677504778,0.08640377968549728,0.4572252333164215,0.006157306022942066,0.1008671447634697,0.42499154806137085,0.0032869090791791677,0.11853280663490295,0.413335382938385,0.000986962579190731,0.13488799333572388,0.40660160779953003,-5.078236063127406e-05,0.07888638228178024,0.46017986536026,0.002703312085941434,0.09161921590566635,0.43109601736068726,0.002175078494474292,0.1054944321513176,0.4179912209510803,0.003930346108973026,0.11872035264968872,0.4109044373035431,0.0058563025668263435
N,0.7117850184440613,0.5752758979797363,2.0940025535765017e-07,0.7318626642227173,0.5700932145118713,-0.012383181601762772,0.7450148463249207,0.5512451529502869,-0.016078222543001175,0.7507043480873108,0.5360018610954285,-0.018409032374620438,0.7547106742858887,0.5234654545783997,-0.020578652620315552,0.7417409420013428,0.5179585218429565,-0.006873250938951969,0.7528191208839417,0.4921012818813324,-0.015316852368414402,0.7636662125587463,0.4732065796852112,-0.023893184959888458,0.7727459073066711,0.4584648013114929,-0.029789945110678673,0.7321301102638245,0.5128511786460876,-0.004641243722289801,0.7441534996032715,0.4861477017402649,-0.01173741277307272,0.7570441365242004,0.46627089381217957,-0.019349263980984688,0.7691805958747864,0.44975829124450684,-0.02466391772031784,0.7232639193534851,0.5107975602149963,-0.004027285147458315,0.735444962978363,0.4861471354961395,-0.01021662075072527,0.7474846243858337,0.4674059748649597,-0.014304913580417633,0.7581921219825745,0.4518122673034668,-0.0165438000112772,0.7139415740966797,0.5110979080200195,-0.004819798283278942,0.7251865863800049,0.4915315508842468,-0.010366871953010559,0.7350811958312988,0.47748011350631714,-0.012336160987615585,0.7451397180557251,0.46626073122024536,-0.013043195009231567
N,0.7005622982978821,0.5933683514595032,2.9140534252292127e-07,0.7200248837471008,0.5796895623207092,-0.01397566869854927,0.7360645532608032,0.5546777248382568,-0.02123415283858776,0.7455587387084961,0.5321094393730164,-0.02700646221637726,0.7531266808509827,0.5119089484214783,-0.03246305137872696,0.7255859375,0.5261821746826172,-0.014709142036736012,0.7428225874900818,0.49531784653663635,-0.028965607285499573,0.7593269944190979,0.4729310870170593,-0.040226489305496216,0.7728182077407837,0.4555782675743103,-0.04700004681944847,0.7198861837387085,0.5240989923477173,-0.01364732813090086,0.7398063540458679,0.49158775806427,-0.025793971493840218,0.757693886756897,0.46878206729888916,-0.034693293273448944,0.7740506529808044,0.44969111680984497,-0.04014074429869652,0.7156189680099487,0.5247844457626343,-0.014053449034690857,0.7354865074157715,0.4947206676006317,-0.024322083219885826,0.7519018650054932,0.47318559885025024,-0.027983270585536957,0.7657368183135986,0.45559820532798767,-0.029233694076538086,0.711621880531311,0.5281572341918945,-0.015837954357266426,0.7273796796798706,0.5039013624191284,-0.023482967168092728,0.7409073710441589,0.4867750108242035,-0.024917036294937134,0.7530854940414429,0.47286519408226013,-0.024785947054624557
N,0.7104344367980957,0.5721814632415771,2.7642613531497773e-07,0.7289374470710754,0.5625316500663757,-0.014210936613380909,0.7418354153633118,0.5406684279441833,-0.020915968343615532,0.7471413016319275,0.5193986892700195,-0.025927269831299782,0.7502754926681519,0.5016677379608154,-0.030687270686030388,0.7351535558700562,0.5142618417739868,-0.015082187950611115,0.7469031810760498,0.485989511013031,-0.02692832425236702,0.7583876252174377,0.4653412699699402,-0.03613286092877388,0.7683290243148804,0.4487568140029907,-0.04171530902385712,0.7281914949417114,0.510862410068512,-0.013248210772871971,0.744838297367096,0.4821375012397766,-0.023809676989912987,0.7598391175270081,0.4607658386230469,-0.03136034309864044,0.7734768986701965,0.44416701793670654,-0.03588636964559555,0.7221440076828003,0.5099458694458008,-0.012742397375404835,0.7405205965042114,0.4838586747646332,-0.022062748670578003,0.7556776404380798,0.46420300006866455,-0.02631891332566738,0.7684856653213501,0.44932985305786133,-0.02795305661857128,0.7155569195747375,0.5112707018852234,-0.013493651524186134,0.7313191294670105,0.49187806248664856,-0.020636973902583122,0.7441185116767883,0.47742095589637756,-0.02265075035393238,0.7557058334350586,0.46609488129615784,-0.02295032888650894
N,0.05627693235874176,0.8268052339553833,7.077690611367871e-07,0.10844352841377258,0.8001084923744202,-0.027164401486516,0.14549113810062408,0.7418456673622131,-0.0427982397377491,0.1556210070848465,0.6862946152687073,-0.0524970106780529,0.16009332239627838,0.6421046853065491,-0.062308747321367264,0.08694596588611603,0.7113816142082214,-0.059246864169836044,0.1234629899263382,0.6477054357528687,-0.08811873197555542,0.15756963193416595,0.6082016825675964,-0.10323498398065567,0.18479926884174347,0.5827040672302246,-0.11045335978269577,0.05191808566451073,0.7090187668800354,-0.05297364294528961,0.10290764272212982,0.6487041711807251,-0.07810573279857635,0.14369678497314453,0.6166209578514099,-0.08482842147350311,0.17714664340019226,0.5933035016059875,-0.08793970942497253,0.028810344636440277,0.7119208574295044,-0.047077205032110214,0.0830317810177803,0.6599022746086121,-0.06840991228818893,0.1237969696521759,0.6331475973129272,-0.06747401505708694,0.15714021027088165,0.6144092679023743,-0.06475299596786499,0.014406479895114899,0.7192477583885193,-0.04290853813290596,0.06073093041777611,0.6759815216064453,-0.058880213648080826,0.09536194056272507,0.6561812162399292,-0.05791000649333,0.12211926281452179,0.6439295411109924,-0.054574739187955856
O,0.23007231950759888,0.39285504817962646,-2.721196779020829e-08,0.2525031864643097,0.37120115756988525,0.007273624185472727,0.2653864920139313,0.34437093138694763,0.011768992058932781,0.26983126997947693,0.32445940375328064,0.013057920150458813,0.26920127868652344,0.30962681770324707,0.014504083432257175,0.26654142141342163,0.3212302029132843,0.019598443061113358,0.26821523904800415,0.2879280745983124,0.01810511387884617,0.26744544506073,0.265622079372406,0.01355686318129301,0.2657686471939087,0.24762171506881714,0.010047344490885735,0.26451852917671204,0.31856927275657654,0.012711080722510815,0.2650897800922394,0.28504422307014465,0.01191653497517109,0.2660829722881317,0.26283973455429077,0.006884157657623291,0.26607877016067505,0.24400398135185242,0.002909979782998562,0.2612958550453186,0.31752994656562805,0.004921186715364456,0.2633058726787567,0.2852913737297058,0.005057959351688623,0.2653966546058655,0.264608770608902,0.00307619315572083,0.26644405722618103,0.24702006578445435,0.0011194550897926092,0.25872617959976196,0.3182341158390045,-0.0030809612944722176,0.26128053665161133,0.29079872369766235,-0.002379403915256262,0.26304468512535095,0.2724345624446869,-0.0013465845258906484,0.26449182629585266,0.25706130266189575,-0.0007824009517207742
O,0.3238922655582428,0.6486645340919495,2.8780803518202447e-07,0.291177362203598,0.6378489136695862,0.0035666830372065306,0.25438392162323,0.621778130531311,0.004357590340077877,0.23008212447166443,0.6064771413803101,0.002768438309431076,0.2117403745651245,0.5923190712928772,0.0013652509078383446,0.23584748804569244,0.6282811164855957,0.006991831585764885,0.2082730531692505,0.5971482396125793,-0.004258814733475447,0.18765635788440704,0.5683887600898743,-0.015011221170425415,0.17317114770412445,0.5446528196334839,-0.021317198872566223,0.23743793368339539,0.6268711090087891,0.0004319496511016041,0.21044717729091644,0.5935872793197632,-0.00728454627096653,0.19180847704410553,0.5655823349952698,-0.013580918312072754,0.17658567428588867,0.5408874750137329,-0.01786542870104313,0.2405509501695633,0.6228924989700317,-0.007272136863321066,0.21464431285858154,0.5913797616958618,-0.012303782626986504,0.19615629315376282,0.5649762749671936,-0.01344811636954546,0.18175649642944336,0.5423634648323059,-0.014066881500184536,0.2459338754415512,0.6162412762641907,-0.01571005955338478,0.2228499799966812,0.5915460586547852,-0.01762491464614868,0.20793266594409943,0.571267306804657,-0.016086753457784653,0.19621407985687256,0.5542567372322083,-0.014961608685553074
O,0.10542337596416473,0.4943612515926361,-3.5013505339520634e-07,0.14031760394573212,0.5018712878227234,-0.019584357738494873,0.17558437585830688,0.5277239084243774,-0.05044819414615631,0.19733141362667084,0.5598372220993042,-0.07907024770975113,0.2080710530281067,0.586410403251648,-0.11038748919963837,0.16672760248184204,0.5026929974555969,-0.07366128265857697,0.19306275248527527,0.5581908226013184,-0.10885348170995712,0.20365279912948608,0.5860001444816589,-0.13625477254390717,0.21067816019058228,0.6032323241233826,-0.15230931341648102,0.14171156287193298,0.5107868313789368,-0.07470843940973282,0.16976118087768555,0.5710256099700928,-0.10062549263238907,0.18222767114639282,0.5927649140357971,-0.10765986889600754,0.1899353712797165,0.6009641885757446,-0.1127234473824501,0.11782179027795792,0.522085428237915,-0.07380115985870361,0.14063480496406555,0.5702764391899109,-0.08542834967374802,0.14279624819755554,0.5690973401069641,-0.07638271152973175,0.13879553973674774,0.5579556226730347,-0.07194360345602036,0.09696020931005478,0.5343214273452759,-0.07509185373783112,0.12022650241851807,0.5720446705818176,-0.07722175866365433,0.1279655396938324,0.5713961720466614,-0.06404022872447968,0.1282363384962082,0.560792088508606,-0.05527176707983017
O,0.10347020626068115,0.4943443536758423,-3.816987543814321e-07,0.13876470923423767,0.5001730918884277,-0.02053818479180336,0.17372751235961914,0.5258284211158752,-0.04941782355308533,0.18898268043994904,0.5557109713554382,-0.075600765645504,0.19304127991199493,0.5783386826515198,-0.10457935184240341,0.16265122592449188,0.5042393803596497,-0.0715351551771164,0.19097261130809784,0.5532828569412231,-0.1046578660607338,0.20242023468017578,0.5814681053161621,-0.13038067519664764,0.20890063047409058,0.5997681617736816,-0.14523108303546906,0.1393791139125824,0.5126790404319763,-0.07077561318874359,0.16585521399974823,0.5600377917289734,-0.0936131402850151,0.17585135996341705,0.5830483436584473,-0.10131873935461044,0.18147790431976318,0.5940802693367004,-0.10783617198467255,0.11676488816738129,0.5228217840194702,-0.06812644004821777,0.13813719153404236,0.5622830986976624,-0.08059170097112656,0.14174170792102814,0.5682233572006226,-0.07697661966085434,0.14076049625873566,0.5650672912597656,-0.07621471583843231,0.09746959805488586,0.5343789458274841,-0.06719660758972168,0.11738631129264832,0.5668892860412598,-0.07120082527399063,0.12455279380083084,0.5729708671569824,-0.06218818947672844,0.12717390060424805,0.5712913274765015,-0.056555893272161484
O,0.10866241902112961,0.5070306658744812,-3.609410157423554e-07,0.14271454513072968,0.5140984654426575,-0.015230046585202217,0.17871646583080292,0.5340943336486816,-0.041256409138441086,0.20212773978710175,0.5573248863220215,-0.06643113493919373,0.2210824340581894,0.5765663385391235,-0.09426543116569519,0.16112610697746277,0.5128564238548279,-0.054001614451408386,0.19517847895622253,0.5608306527137756,-0.0817800909280777,0.20871451497077942,0.584987223148346,-0.1056499257683754,0.22044937312602997,0.6026400923728943,-0.12002317607402802,0.1375425159931183,0.5211610794067383,-0.05636895075440407,0.16811972856521606,0.5690018534660339,-0.07592747360467911,0.1810760498046875,0.5895261168479919,-0.08459369838237762,0.18971584737300873,0.5992847681045532,-0.09186112880706787,0.11463907361030579,0.5308210849761963,-0.057370565831661224,0.1383494883775711,0.5667999982833862,-0.0685422345995903,0.1410023719072342,0.5681148171424866,-0.06719970703125,0.13859379291534424,0.5622977018356323,-0.0677933469414711,0.09539908170700073,0.5410963296890259,-0.05969465896487236,0.11515732854604721,0.5651073455810547,-0.06246858090162277,0.12047804147005081,0.5659533143043518,-0.05365400388836861,0.11899250745773315,0.561731219291687,-0.048569418489933014
O,0.6798861622810364,0.7177282571792603,-2.7644708211482794e-07,0.68044114112854,0.6829732656478882,-0.017415275797247887,0.6979297399520874,0.6502285003662109,-0.02749384567141533,0.7144026756286621,0.624925971031189,-0.035528115928173065,0.727579653263092,0.605793833732605,-0.04195807874202728,0.7730259299278259,0.6682707667350769,-0.015416266396641731,0.7887659072875977,0.6220500469207764,-0.03144843876361847,0.7894440293312073,0.5898492336273193,-0.04568485915660858,0.7838863134384155,0.5691139698028564,-0.05391355976462364,0.7819851636886597,0.6718052625656128,-0.012906087562441826,0.7924076318740845,0.6225593090057373,-0.02461976185441017,0.7907845973968506,0.5946563482284546,-0.03300368785858154,0.78465735912323,0.5736505389213562,-0.038265906274318695,0.7841820120811462,0.6722846627235413,-0.012857232242822647,0.7927178144454956,0.6265482902526855,-0.02408973127603531,0.7922006845474243,0.5976471900939941,-0.0283103808760643,0.7883632779121399,0.5749164819717407,-0.029627764597535133,0.7793201208114624,0.6718199253082275,-0.014446607790887356,0.790134072303772,0.6319162845611572,-0.023949407041072845,0.7916095852851868,0.6087555289268494,-0.025722801685333252,0.7899365425109863,0.5895709991455078,-0.024708103388547897
O,0.6613523960113525,0.6387975215911865,-1.4296676908998052e-07,0.6766912341117859,0.6228501200675964,-0.0062001957558095455,0.7030898332595825,0.6030250787734985,-0.009865617379546165,0.7227116227149963,0.5850420594215393,-0.013040995225310326,0.7340050935745239,0.5670969486236572,-0.015245786868035793,0.7492022514343262,0.6068534255027771,-0.006170638371258974,0.7621977925300598,0.5668737292289734,-0.016811301931738853,0.76060551404953,0.536439836025238,-0.02613060735166073,0.754157304763794,0.5139158964157104,-0.031312525272369385,0.7507358193397522,0.6058831214904785,-0.007404220290482044,0.7630904316902161,0.5650327205657959,-0.015344327315688133,0.7619473338127136,0.5348880290985107,-0.022601401433348656,0.7551401853561401,0.5110242962837219,-0.027536099776625633,0.7469707131385803,0.6016350984573364,-0.009702672250568867,0.7607459425926208,0.5649516582489014,-0.01676156185567379,0.7599260807037354,0.5354242920875549,-0.021161386743187904,0.7519343495368958,0.513026773929596,-0.02346695214509964,0.7379903793334961,0.5943319201469421,-0.012611390091478825,0.749260663986206,0.5643323063850403,-0.01840493641793728,0.7494127750396729,0.5427563786506653,-0.020362745970487595,0.7428065538406372,0.5254272222518921,-0.0204022154211998
O,0.7185513377189636,0.5660191178321838,-1.3557774991568294e-07,0.7450270056724548,0.5499969124794006,0.003687517484650016,0.7683730125427246,0.5281984210014343,0.0021420828998088837,0.7833561897277832,0.5065416097640991,-0.0013250528136268258,0.7915083765983582,0.4870119094848633,-0.005310388281941414,0.7927471399307251,0.522979736328125,-0.0013238191604614258,0.803243100643158,0.4885471761226654,-0.013894855976104736,0.797917902469635,0.4622381329536438,-0.024687232449650764,0.7871448993682861,0.4437856078147888,-0.030116869136691093,0.7865692377090454,0.5210023522377014,-0.007202184293419123,0.7927772402763367,0.4846777617931366,-0.014789867214858532,0.7856703996658325,0.4590928554534912,-0.02118249610066414,0.7750886082649231,0.4411957561969757,-0.025769950821995735,0.7755409479141235,0.5191877484321594,-0.013471357524394989,0.7813617587089539,0.48688068985939026,-0.01893506571650505,0.7749956846237183,0.4615092873573303,-0.021802455186843872,0.7649734616279602,0.443144828081131,-0.023850107565522194,0.7602270841598511,0.5182374119758606,-0.019536742940545082,0.765209436416626,0.49346062541007996,-0.023975921794772148,0.7622499465942383,0.4754866659641266,-0.02485634945333004,0.7548798322677612,0.4611803889274597,-0.024629680439829826
O,0.6785767078399658,0.6448912024497986,1.6525761736829736e-07,0.6500657796859741,0.6573943495750427,-0.00873677060008049,0.6273602247238159,0.6821670532226562,-0.011996504850685596,0.6125286221504211,0.6971421241760254,-0.015281585045158863,0.6021571755409241,0.7042909860610962,-0.01762787625193596,0.6456369757652283,0.7239639759063721,-0.004173258785158396,0.6364057660102844,0.7655971050262451,-0.014043166302144527,0.6227289438247681,0.7906562685966492,-0.02271263115108013,0.6114180684089661,0.8079013824462891,-0.02760275825858116,0.6515337824821472,0.7277207374572754,-0.004974347073584795,0.6412155032157898,0.7679779529571533,-0.013336622156202793,0.6265837550163269,0.7937456369400024,-0.021905988454818726,0.6132463812828064,0.8133336901664734,-0.026982443407177925,0.652111828327179,0.7283276915550232,-0.006860870867967606,0.6406135559082031,0.7650800943374634,-0.013120745308697224,0.6268520355224609,0.7888298630714417,-0.017277274280786514,0.6142629384994507,0.8071057200431824,-0.019006934016942978,0.648489773273468,0.7256433963775635,-0.010100825689733028,0.6381320953369141,0.756347119808197,-0.01295644510537386,0.6270588040351868,0.7764328718185425,-0.012291951104998589,0.6163877248764038,0.7904229760169983,-0.011011321097612381
O,0.26748326420783997,0.6702972650527954,-2.079761962647808e-08,0.24938762187957764,0.6284173727035522,0.00410598237067461,0.2164698839187622,0.6026778817176819,0.006556592416018248,0.18900518119335175,0.5924577713012695,0.006784651894122362,0.172134667634964,0.5941495895385742,0.007867834530770779,0.17915615439414978,0.6114645004272461,0.008107158355414867,0.13803067803382874,0.603406548500061,0.004301177337765694,0.13028916716575623,0.5892534852027893,2.635129203554243e-05,0.13439975678920746,0.5776757597923279,-0.0020618990529328585,0.17598813772201538,0.6277113556861877,0.004371610935777426,0.13804492354393005,0.6212834119796753,0.0036200713366270065,0.13741548359394073,0.6112620234489441,0.000805142626632005,0.14607135951519012,0.6045576333999634,-0.0013704963494092226,0.1762358546257019,0.6433470845222473,0.0005545165040530264,0.14259614050388336,0.6345027685165405,0.002890354488044977,0.14285752177238464,0.6262521743774414,0.00570577010512352,0.14999490976333618,0.6212656497955322,0.006832090672105551,0.1791488081216812,0.6561150550842285,-0.003547725034877658,0.15137392282485962,0.6453328132629395,0.002141069620847702,0.14869122207164764,0.6367592811584473,0.008297343738377094,0.15341505408287048,0.6332553029060364,0.01248034369200468
P,0.33245229721069336,0.48999637365341187,-2.556880218662627e-08,0.34486329555511475,0.46129849553108215,-0.018220238387584686,0.3588879108428955,0.42950740456581116,-0.03422761335968971,0.3780522048473358,0.40474259853363037,-0.04956411197781563,0.39227062463760376,0.3880327641963959,-0.06601257622241974,0.31941863894462585,0.42795801162719727,-0.035223379731178284,0.3456031382083893,0.4291626811027527,-0.056989818811416626,0.35608187317848206,0.42972326278686523,-0.0753081738948822,0.361624538898468,0.42821308970451355,-0.08820705860853195,0.3108588457107544,0.45282867550849915,-0.03647717460989952,0.34480369091033936,0.4582468867301941,-0.05192992836236954,0.35053005814552307,0.4600558280944824,-0.06110582500696182,0.3489174246788025,0.4613621234893799,-0.07089535892009735,0.3068248927593231,0.4785630404949188,-0.0388808511197567,0.33783528208732605,0.483297199010849,-0.051869843155145645,0.34226590394973755,0.48342832922935486,-0.05276814475655556,0.34038668870925903,0.48493123054504395,-0.05525834485888481,0.3055591583251953,0.5032034516334534,-0.04340200871229172,0.3307783603668213,0.5066097378730774,-0.05296359583735466,0.3372447192668915,0.503130316734314,-0.05225813388824463,0.3366459608078003,0.5007519125938416,-0.05266156420111656
P,0.2023397982120514,0.43645331263542175,-3.8805399071861757e-07,0.23465469479560852,0.3996187746524811,-0.014213835820555687,0.26635003089904785,0.3656255006790161,-0.03491890802979469,0.29073232412338257,0.3477519750595093,-0.056080758571624756,0.30612680315971375,0.3394773006439209,-0.07873363792896271,0.23957179486751556,0.3539330065250397,-0.04336834326386452,0.2640187442302704,0.3304975926876068,-0.06529772281646729,0.28339481353759766,0.3364519774913788,-0.08311492204666138,0.29808181524276733,0.34666961431503296,-0.09443114697933197,0.22521421313285828,0.37843164801597595,-0.047566577792167664,0.2422146499156952,0.36657047271728516,-0.0591072179377079,0.2615412771701813,0.3720559775829315,-0.0651722401380539,0.275062620639801,0.37818649411201477,-0.07416503131389618,0.21223807334899902,0.41129830479621887,-0.05129671096801758,0.22492945194244385,0.4033711552619934,-0.06235450133681297,0.2423703968524933,0.4054919481277466,-0.06281944364309311,0.2576429843902588,0.40736833214759827,-0.06568936258554459,0.20503215491771698,0.4490758180618286,-0.056296397000551224,0.22111155092716217,0.4485015571117401,-0.060683753341436386,0.23265740275382996,0.4463183581829071,-0.054909396916627884,0.24395236372947693,0.4421769082546234,-0.053260233253240585
P,0.2225312888622284,0.4333951473236084,1.1176872760643164e-07,0.2646122872829437,0.4173203706741333,-0.012853224761784077,0.2987348139286041,0.3898918032646179,-0.022895488888025284,0.32008466124534607,0.36730289459228516,-0.03365159034729004,0.3325296640396118,0.3516555726528168,-0.04477834329009056,0.26826781034469604,0.328580379486084,-0.0157992634922266,0.2822496294975281,0.3064218759536743,-0.03616178780794144,0.30173471570014954,0.31016671657562256,-0.05317176505923271,0.32017257809638977,0.3186338543891907,-0.06392309814691544,0.24506215751171112,0.33005034923553467,-0.019342264160513878,0.26094886660575867,0.31116509437561035,-0.03767593577504158,0.2818068265914917,0.3196575343608856,-0.05059025436639786,0.29852601885795593,0.33251985907554626,-0.05887892469763756,0.22235366702079773,0.3410918712615967,-0.024889104068279266,0.2384270876646042,0.32715466618537903,-0.04259564355015755,0.259520560503006,0.3349510729312897,-0.048931319266557693,0.2762013077735901,0.3478752374649048,-0.051595982164144516,0.20163609087467194,0.3596780598163605,-0.03158298134803772,0.21548616886138916,0.3486136794090271,-0.045442212373018265,0.23347702622413635,0.3530817925930023,-0.04824335128068924,0.24856741726398468,0.362705260515213,-0.04855092987418175
P,0.33395540714263916,0.31992730498313904,2.0879612705471118e-08,0.34222230315208435,0.3048762083053589,0.00435075955465436,0.34786921739578247,0.28774744272232056,0.005295407492667437,0.3537673056125641,0.27634885907173157,0.004101649858057499,0.35706719756126404,0.26630067825317383,0.003296684706583619,0.33275020122528076,0.2733342945575714,0.00852991547435522,0.3371211290359497,0.25388914346694946,0.006140577141195536,0.3412729501724243,0.24320024251937866,0.0031193557661026716,0.34388986229896545,0.23627342283725739,0.0012168671237304807,0.3346693515777588,0.2734335958957672,0.0036350905429571867,0.33821365237236023,0.2535635828971863,0.002813685219734907,0.3427846431732178,0.24367693066596985,0.000628936686553061,0.3465363383293152,0.23690789937973022,-0.001158985192887485,0.33954766392707825,0.2757474184036255,-0.0017731123371049762,0.34354934096336365,0.2577093541622162,-0.001955312443897128,0.3474956750869751,0.2495805025100708,-0.0018046913901343942,0.35055410861968994,0.24443066120147705,-0.002131363609805703,0.34756985306739807,0.27961069345474243,-0.007300454657524824,0.3510991632938385,0.2670029401779175,-0.006177457515150309,0.35416874289512634,0.2611550986766815,-0.004154490306973457,0.35659071803092957,0.25826019048690796,-0.0029427707195281982
P,0.4927668869495392,0.2048385590314865,-7.4520265513911e-08,0.5335608720779419,0.23502151668071747,-0.010018018074333668,0.5867149829864502,0.25283825397491455,-0.020724395290017128,0.6332598924636841,0.26950424909591675,-0.034349896013736725,0.6641483306884766,0.2762780785560608,-0.04672368988394737,0.6543646454811096,0.20147070288658142,-0.0017707734368741512,0.7069358825683594,0.23260928690433502,-0.022348780184984207,0.7041513323783875,0.25649523735046387,-0.03940408676862717,0.6907914876937866,0.26462337374687195,-0.04955078288912773,0.6483480334281921,0.1947125643491745,-0.007929224520921707,0.6982569098472595,0.2244502753019333,-0.02196628600358963,0.6913350820541382,0.24929986894130707,-0.03194501996040344,0.6765248775482178,0.2565406560897827,-0.03871762007474899,0.635851263999939,0.19182616472244263,-0.017237238585948944,0.6775166988372803,0.2196308970451355,-0.030563823878765106,0.6674301624298096,0.2414960414171219,-0.029739396646618843,0.6509650945663452,0.24587740004062653,-0.02783186361193657,0.6175327897071838,0.19250965118408203,-0.02810836210846901,0.6506251692771912,0.2158217877149582,-0.03419485688209534,0.6448158621788025,0.233840212225914,-0.029309161007404327,0.6310844421386719,0.23918262124061584,-0.02486594021320343
P,0.6947540640830994,0.2805243730545044,2.547619146753277e-07,0.6594035625457764,0.2511571943759918,-0.01846795342862606,0.605002224445343,0.24507561326026917,-0.024364003911614418,0.5605661869049072,0.25828373432159424,-0.02894188091158867,0.5279938578605652,0.2716233432292938,-0.03317834809422493,0.5682193636894226,0.24676631391048431,-0.014974341727793217,0.5175206065177917,0.2500001788139343,-0.03335027024149895,0.47652795910835266,0.25258946418762207,-0.0474320687353611,0.4437894821166992,0.25691500306129456,-0.056075047701597214,0.5703224539756775,0.26604679226875305,-0.015553736127912998,0.5200498104095459,0.2643749713897705,-0.032568953931331635,0.4769611358642578,0.2617435157299042,-0.044375941157341,0.43819737434387207,0.25826436281204224,-0.05113882198929787,0.5817572474479675,0.28584468364715576,-0.018750673159956932,0.5483211278915405,0.28476473689079285,-0.039520081132650375,0.5465900897979736,0.27925312519073486,-0.044349540024995804,0.5459675788879395,0.2739461064338684,-0.042635027319192886,0.6006812453269958,0.3056410253047943,-0.023656245321035385,0.5788400173187256,0.3031986355781555,-0.0401037372648716,0.5792924165725708,0.2951754629611969,-0.0414762981235981,0.583091139793396,0.2885160744190216,-0.0388178713619709
P,0.40485304594039917,0.6488153338432312,1.3722504377255973e-07,0.3874461054801941,0.6042916774749756,-0.010453916154801846,0.3617301285266876,0.570862889289856,-0.016722731292247772,0.3377225399017334,0.5458810925483704,-0.02440805919468403,0.31806203722953796,0.5282213091850281,-0.02996183931827545,0.3068566620349884,0.6006881594657898,-7.938021735753864e-05,0.2927224040031433,0.5657230019569397,-0.018253803253173828,0.3136085271835327,0.5564524531364441,-0.03335919231176376,0.33302927017211914,0.5606671571731567,-0.040277667343616486,0.30075159668922424,0.6155425906181335,-0.0010452056303620338,0.28603431582450867,0.5812170505523682,-0.014793509617447853,0.3064654767513275,0.5732521414756775,-0.02441241219639778,0.32518434524536133,0.5780373811721802,-0.02883295901119709,0.29956161975860596,0.6273516416549683,-0.005105708725750446,0.28410089015960693,0.5947152376174927,-0.01633898727595806,0.3019387423992157,0.5870201587677002,-0.01641763374209404,0.3193489611148834,0.5926029682159424,-0.013556575402617455,0.3023301362991333,0.6370067000389099,-0.010605046525597572,0.2849282920360565,0.6089901924133301,-0.016622669994831085,0.29758521914482117,0.6000047922134399,-0.012920625507831573,0.3120694160461426,0.6028037667274475,-0.007776422426104546
P,0.43352025747299194,0.6126259565353394,-4.5197975140354174e-08,0.43031755089759827,0.5766140818595886,-0.005216037854552269,0.40935638546943665,0.5522627234458923,-0.00739781791344285,0.38923099637031555,0.5445945262908936,-0.010130698792636395,0.37649375200271606,0.5479766726493835,-0.01111595332622528,0.3623405992984772,0.5707449316978455,0.000311539217364043,0.3343270421028137,0.5534074902534485,-0.007651257328689098,0.3449009954929352,0.5494202375411987,-0.014704947359859943,0.3579886257648468,0.5553494095802307,-0.01755201816558838,0.3550761938095093,0.5884187817573547,0.0001625624136067927,0.325001984834671,0.5701189637184143,-0.0043780910782516,0.33505937457084656,0.5636166930198669,-0.008154147304594517,0.3480375409126282,0.569147527217865,-0.010044002905488014,0.35207727551460266,0.6040629744529724,-0.0012708852300420403,0.32284727692604065,0.5856437683105469,-0.003653713734820485,0.3323352634906769,0.5782047510147095,-0.0033908337354660034,0.3437502384185791,0.5826195478439331,-0.0026260388549417257,0.35173091292381287,0.6158156991004944,-0.0033611722756177187,0.326862096786499,0.5973758101463318,-0.002986075822263956,0.33267027139663696,0.5909335613250732,0.0002244900242658332,0.34194567799568176,0.5942038297653198,0.0029105220455676317
P,0.4626173675060272,0.6403953433036804,3.611955179394499e-08,0.45550042390823364,0.6000667810440063,-0.01339616347104311,0.43424955010414124,0.5646085143089294,-0.019712001085281372,0.41250932216644287,0.5408686399459839,-0.027510730549693108,0.39354854822158813,0.5259885787963867,-0.033689286559820175,0.38106462359428406,0.5703927278518677,0.0010038743494078517,0.36769604682922363,0.5492128729820251,-0.021877354010939598,0.39331576228141785,0.5471964478492737,-0.04098982363939285,0.41993463039398193,0.5531773567199707,-0.05001793056726456,0.36904650926589966,0.5874009132385254,-0.00011948380415560678,0.3540076017379761,0.5675039887428284,-0.02175230160355568,0.3815442621707916,0.5635886788368225,-0.035474229604005814,0.40769416093826294,0.568699300289154,-0.04031761735677719,0.36081361770629883,0.6056967973709106,-0.005273463204503059,0.3447471559047699,0.5854740738868713,-0.02517933025956154,0.3710889518260956,0.5801087617874146,-0.029228106141090393,0.39557331800460815,0.5855409502983093,-0.026382993906736374,0.3586472272872925,0.624572217464447,-0.011925502680242062,0.3445313274860382,0.6043254733085632,-0.02579713799059391,0.3636367917060852,0.5976100564002991,-0.026023855432868004,0.3835381269454956,0.5994001030921936,-0.021901164203882217
P,0.4280092120170593,0.5925724506378174,-1.5620020121787093e-07,0.42242127656936646,0.5502211451530457,-0.0001281946460949257,0.39877238869667053,0.5213298797607422,0.0014925725990906358,0.3747604191303253,0.5061604976654053,0.0027368038427084684,0.36325111985206604,0.4971286654472351,0.004258712287992239,0.36138972640037537,0.5389105081558228,0.0036816727370023727,0.35888734459877014,0.5317174792289734,0.0023126413580030203,0.3740553557872772,0.5355928540229797,-0.0026240497827529907,0.38559648394584656,0.5405135750770569,-0.006396830547600985,0.3538355231285095,0.5605666637420654,0.0032514489721506834,0.35468271374702454,0.5521654486656189,0.005221020895987749,0.3682525157928467,0.5546892881393433,0.0009555775905027986,0.37926727533340454,0.5593303442001343,-0.0036020094994455576,0.3528136610984802,0.5797966122627258,0.003042867872864008,0.35203248262405396,0.5688811540603638,0.005292757414281368,0.3641909658908844,0.5691399574279785,0.004911256022751331,0.3746756315231323,0.573317289352417,0.0031176696065813303,0.35484567284584045,0.5968610048294067,0.0028643750119954348,0.35245662927627563,0.5847293138504028,0.0059714289382100105,0.36310431361198425,0.5842688083648682,0.01019374281167984,0.3721359372138977,0.5875152945518494,0.012947717681527138
Q,0.6837670803070068,0.4465758800506592,1.5256541985309013e-07,0.7138627767562866,0.46741631627082825,0.0012844529701396823,0.7528718709945679,0.4814666211605072,-0.0004442710487637669,0.7786900997161865,0.4918331503868103,-0.005871691275388002,0.7994105219841003,0.4989067316055298,-0.010687747038900852,0.7922573685646057,0.4493992030620575,0.012023313902318478,0.8344624638557434,0.4637889862060547,-0.0014383639208972454,0.8467510938644409,0.49007439613342285,-0.01441442035138607,0.842963457107544,0.5140866041183472,-0.02080768346786499,0.7917979955673218,0.4423882067203522,0.005316414404660463,0.8363596796989441,0.45943018794059753,-0.005363541655242443,0.8471301794052124,0.48752129077911377,-0.016713974997401237,0.8432811498641968,0.5107924938201904,-0.023051414638757706,0.7899460792541504,0.438660204410553,-0.0033235307782888412,0.831824541091919,0.45725691318511963,-0.010959398001432419,0.8434962034225464,0.48437896370887756,-0.017192089930176735,0.8411474227905273,0.5057029724121094,-0.01984354853630066,0.7858604192733765,0.4387218952178955,-0.012557613663375378,0.8214710354804993,0.4523807168006897,-0.01601726934313774,0.8334097266197205,0.4734349250793457,-0.016688620671629906,0.8336701989173889,0.49199700355529785,-0.016002563759684563
Q,0.6473380327224731,0.5108541250228882,1.637326079162449e-07,0.6761091947555542,0.5265094041824341,0.004362801555544138,0.7250465154647827,0.5370272397994995,0.006364287342876196,0.7592238187789917,0.543685257434845,0.005328655708581209,0.7852609157562256,0.5474082231521606,0.005108876619488001,0.7613582611083984,0.4996311664581299,0.011296424083411694,0.8135610222816467,0.5204921960830688,0.003492635441944003,0.8365668058395386,0.5469790697097778,-0.00408198544755578,0.8449473977088928,0.5700489282608032,-0.007949698716402054,0.7644502520561218,0.4978519678115845,0.004892331548035145,0.8164745569229126,0.5196688771247864,0.0002462351112626493,0.8374011516571045,0.5456778407096863,-0.005559033248573542,0.8471288681030273,0.5691350698471069,-0.00974111258983612,0.7661122679710388,0.5015130043029785,-0.002538088010624051,0.8172095417976379,0.5215896964073181,-0.004204475320875645,0.8359813690185547,0.5454765558242798,-0.005502862390130758,0.8445141315460205,0.5660629272460938,-0.006731502711772919,0.7667666673660278,0.5104902982711792,-0.010437995195388794,0.8095288276672363,0.5242196917533875,-0.008677658624947071,0.8307969570159912,0.5413346886634827,-0.00601207884028554,0.8417260646820068,0.5567006468772888,-0.004275674466043711
Q,0.6651004552841187,0.5215771198272705,1.2264634108305472e-07,0.6949278712272644,0.5390916466712952,0.0027867150492966175,0.7414008975028992,0.5459438562393188,0.0019434536807239056,0.7727285623550415,0.5519938468933105,-0.002525953110307455,0.7975585460662842,0.5593209862709045,-0.006294094026088715,0.7774317264556885,0.5025580525398254,0.005923537537455559,0.8305031657218933,0.5213202834129333,-0.008439605124294758,0.8504059910774231,0.5512743592262268,-0.021100468933582306,0.8537407517433167,0.5794506072998047,-0.0278067197650671,0.77947998046875,0.5023733973503113,-0.0020757850725203753,0.8331114053726196,0.5214065909385681,-0.013246946036815643,0.8516451716423035,0.5520414113998413,-0.02322254702448845,0.8557441234588623,0.5804750919342041,-0.029631150886416435,0.7804182767868042,0.5097928047180176,-0.011220996268093586,0.8333641290664673,0.5273818373680115,-0.01827944442629814,0.8505519032478333,0.555109977722168,-0.022643964737653732,0.8543896079063416,0.579866886138916,-0.02524319663643837,0.7800305485725403,0.5229848623275757,-0.020983489230275154,0.8225964903831482,0.5346463322639465,-0.02334270067512989,0.842305064201355,0.553781270980835,-0.0226682648062706,0.85084068775177,0.5724503397941589,-0.02194300852715969
Q,0.6355475187301636,0.5294884443283081,1.514206218189429e-07,0.67397141456604,0.5497991442680359,0.0035965777933597565,0.7210496664047241,0.5503590703010559,0.0036689958069473505,0.7553369998931885,0.5450790524482727,-0.00032878227648325264,0.7853023409843445,0.5421106815338135,-0.0034697235096246004,0.7589737176895142,0.500350832939148,0.014714539051055908,0.8113878965377808,0.509566068649292,0.0038953658659011126,0.8400248885154724,0.5305065512657166,-0.007290528621524572,0.8574495315551758,0.5497792363166809,-0.014229233376681805,0.7587346434593201,0.49835649132728577,0.005537207238376141,0.8110737204551697,0.5087155699729919,-0.0009737400687299669,0.8391342759132385,0.5277270674705505,-0.008721539750695229,0.8599598407745361,0.5452919602394104,-0.014843020588159561,0.7565740942955017,0.5025588870048523,-0.005688187666237354,0.8072576522827148,0.5115558505058289,-0.009896892122924328,0.8335756063461304,0.527809739112854,-0.010916616767644882,0.85172438621521,0.54306560754776,-0.012258091941475868,0.7543013095855713,0.5126348733901978,-0.017916899174451828,0.7957598567008972,0.5141708850860596,-0.01889898255467415,0.8207594156265259,0.5229551196098328,-0.01631811447441578,0.8379707932472229,0.5332469344139099,-0.014731074683368206
Q,0.6884052753448486,0.5051066875457764,1.715796287271587e-07,0.7173619270324707,0.51820307970047,0.0073590464890003204,0.7612090110778809,0.5191120505332947,0.013055428862571716,0.79104083776474,0.5163862109184265,0.01537623442709446,0.8168562650680542,0.513427734375,0.01855987310409546,0.7914848327636719,0.4883401095867157,0.02188168466091156,0.8364947438240051,0.4934179484844208,0.01771913841366768,0.8598600029945374,0.5118769407272339,0.011269773356616497,0.8725440502166748,0.5298936367034912,0.007679644040763378,0.793567419052124,0.4849749207496643,0.01525519322603941,0.83808434009552,0.49199432134628296,0.014710147865116596,0.8592270016670227,0.5102443099021912,0.009040551260113716,0.8725713491439819,0.5287107229232788,0.004564126022160053,0.7944837212562561,0.48512524366378784,0.0072630723007023335,0.837557315826416,0.49223464727401733,0.008875861763954163,0.8587659001350403,0.5084116458892822,0.0073219723999500275,0.8729520440101624,0.524512529373169,0.005181966815143824,0.795257568359375,0.4889473021030426,-0.0011262153275310993,0.8312126994132996,0.49218642711639404,0.0021701327059417963,0.8516445755958557,0.502076268196106,0.004258737433701754,0.8657366037368774,0.5128147602081299,0.005101958755403757
Q,0.6946768760681152,0.48913758993148804,1.9393831962588592e-07,0.7191662788391113,0.49957531690597534,-0.0004964687977917492,0.7523942589759827,0.49586424231529236,-0.0006927144713699818,0.7723127007484436,0.49299633502960205,-0.0033594882115721703,0.78926682472229,0.49125516414642334,-0.00491527421399951,0.7774929404258728,0.46131712198257446,0.009445897303521633,0.8187344074249268,0.46205398440361023,-0.0009617139585316181,0.8449284434318542,0.4761273264884949,-0.010959139093756676,0.8595603704452515,0.4906320571899414,-0.016332320868968964,0.7778777480125427,0.4597764015197754,0.003787933848798275,0.8202070593833923,0.4618670642375946,-0.0031283251009881496,0.8456636667251587,0.475445032119751,-0.010443306528031826,0.8631981611251831,0.48954519629478455,-0.015030374750494957,0.7804105877876282,0.4621890187263489,-0.0037398473359644413,0.8201300501823425,0.4628077447414398,-0.007912385277450085,0.8439093828201294,0.47452312707901,-0.009674502536654472,0.8604122400283813,0.4869994521141052,-0.0103737972676754,0.7829284071922302,0.4680141508579254,-0.012522043660283089,0.8153451681137085,0.4652801752090454,-0.013533144257962704,0.8356497287750244,0.47107136249542236,-0.011488266289234161,0.8497453927993774,0.47868311405181885,-0.009732739999890327
R,0.6083520650863647,0.5462298393249512,1.3199856141454802e-07,0.6033032536506653,0.5643501281738281,-0.0070266458205878735,0.6070159673690796,0.5860164165496826,-0.008389530703425407,0.6103435754776001,0.6027644872665405,-0.008708983659744263,0.6171594262123108,0.6133361458778381,-0.008202760480344296,0.637863039970398,0.5841273069381714,-0.0023993193171918392,0.6508893966674805,0.6023955345153809,-0.006702528800815344,0.6536827087402344,0.6175521016120911,-0.010773781687021255,0.6536794900894165,0.6277235746383667,-0.012888655997812748,0.6431143283843994,0.5819283723831177,-0.00023500557290390134,0.6554698348045349,0.6014935970306396,-0.003610830521211028,0.6573493480682373,0.6175167560577393,-0.007739395368844271,0.6570310592651367,0.6287243962287903,-0.010350832715630531,0.6445165276527405,0.581220269203186,0.0011278005549684167,0.6548933386802673,0.6004679203033447,-0.0016857003793120384,0.6555705666542053,0.6147134304046631,-0.003773738397285342,0.6541987657546997,0.6245661973953247,-0.004590729251503944,0.6431562304496765,0.5810621380805969,0.001714194193482399,0.6513468623161316,0.5976644158363342,6.478222530859057e-06,0.6524457335472107,0.6102281808853149,8.420853555435315e-05,0.6510031223297119,0.6187307238578796,0.0006949104717932642
R,0.46572574973106384,0.5250402092933655,-6.404734165244008e-08,0.4823063015937805,0.5476580858230591,-0.008587666787207127,0.49320071935653687,0.5735923051834106,-0.015782169997692108,0.4956977665424347,0.594758152961731,-0.023498035967350006,0.49780964851379395,0.6083737015724182,-0.030955402180552483,0.48598283529281616,0.6031721234321594,-0.012575004249811172,0.4924395680427551,0.6360092163085938,-0.02652168646454811,0.4990958273410797,0.6568670272827148,-0.03589048609137535,0.5045797228813171,0.6729129552841187,-0.04199110344052315,0.47149503231048584,0.5959194898605347,-0.01631751097738743,0.47501522302627563,0.6125495433807373,-0.034387268126010895,0.48340174555778503,0.5980457067489624,-0.03881979361176491,0.4860864579677582,0.5829081535339355,-0.03807893767952919,0.45746180415153503,0.5816217064857483,-0.02125558629631996,0.4634806513786316,0.593501091003418,-0.036724548786878586,0.4745924770832062,0.5782268047332764,-0.03130047023296356,0.4779231548309326,0.5642927289009094,-0.024010149762034416,0.4459417760372162,0.562661349773407,-0.02720746025443077,0.4526183307170868,0.5717477798461914,-0.036019716411828995,0.463278591632843,0.5636837482452393,-0.030115487053990364,0.4668464660644531,0.5554230809211731,-0.023390725255012512
R,0.46609699726104736,0.3109167218208313,4.859829516590253e-08,0.49718141555786133,0.3209933042526245,-0.0019154883921146393,0.5287572145462036,0.3125642240047455,-0.000165743927937001,0.5519967079162598,0.2998208701610565,0.00035558638046495616,0.5698974132537842,0.2881415784358978,0.00132890441454947,0.5418995022773743,0.28722652792930603,0.01076009962707758,0.5643454194068909,0.2716487646102905,0.005252148490399122,0.5816652178764343,0.25980186462402344,-0.002124336315318942,0.5951241850852966,0.2485632598400116,-0.007528756745159626,0.5397050976753235,0.27883458137512207,0.0078016663901507854,0.5615889430046082,0.2624412178993225,0.002978080650791526,0.5794187784194946,0.2510339915752411,-0.004489170853048563,0.595964789390564,0.2392846941947937,-0.009744763374328613,0.5375515222549438,0.27158868312835693,0.0033363373950123787,0.5595260858535767,0.2563173174858093,-0.0019164970144629478,0.5769917964935303,0.24532169103622437,-0.004899552091956139,0.5914912223815918,0.2347627878189087,-0.006142988335341215,0.5337174534797668,0.26649489998817444,-0.0019152906024828553,0.5541108846664429,0.2526707351207733,-0.006202973425388336,0.5701807737350464,0.24307754635810852,-0.006451725959777832,0.5834248661994934,0.235430508852005,-0.005595955532044172
S,0.23503822088241577,0.6511306762695312,1.732849881364018e-07,0.22158299386501312,0.6221194863319397,-0.0046501788310706615,0.20082934200763702,0.6019140481948853,-0.007638462819159031,0.18766286969184875,0.5877665877342224,-0.011761627160012722,0.17335715889930725,0.5835475921630859,-0.01587197557091713,0.15490078926086426,0.61565101146698,0.0010912360157817602,0.12072785198688507,0.6084778308868408,-0.007380856201052666,0.10554181039333344,0.5972097516059875,-0.0153324194252491,0.09656477719545364,0.5865796804428101,-0.02006433717906475,0.15223972499370575,0.6260197758674622,-0.0019598412327468395,0.11696041375398636,0.6195336580276489,-0.007571685593575239,0.10076364874839783,0.6068487763404846,-0.013915924355387688,0.09144172817468643,0.5948750972747803,-0.01846395805478096,0.1537642925977707,0.6362731456756592,-0.0066083455458283424,0.12129127979278564,0.6314868927001953,-0.011408952064812183,0.1045294851064682,0.6221847534179688,-0.014150106348097324,0.09460645914077759,0.6133328676223755,-0.015911858528852463,0.1594092696905136,0.6460346579551697,-0.012268022634088993,0.132585346698761,0.6473942995071411,-0.01580945774912834,0.11724294722080231,0.642544150352478,-0.01602521538734436,0.10774233192205429,0.637018084526062,-0.015748808160424232
S,0.5877655744552612,0.3553646206855774,-7.636003260813595e-07,0.5113582611083984,0.4462813436985016,-0.046534571796655655,0.4137146770954132,0.5074243545532227,-0.08435843139886856,0.33392977714538574,0.535800039768219,-0.12022184580564499,0.2819046080112457,0.5512630939483643,-0.15123094618320465,0.2526930570602417,0.41188284754753113,-0.07315735518932343,0.19789522886276245,0.4543371796607971,-0.14920851588249207,0.2626243233680725,0.5081707239151001,-0.19569413363933563,0.3227419853210449,0.532382607460022,-0.21790345013141632,0.28748416900634766,0.34268924593925476,-0.0824887678027153,0.2378036379814148,0.376907616853714,-0.1543377786874771,0.31423577666282654,0.4512965679168701,-0.1741853654384613,0.3816525936126709,0.48130002617836,-0.17415381968021393,0.35113734006881714,0.28239867091178894,-0.09947291016578674,0.318739652633667,0.3005163371562958,-0.16750115156173706,0.3843110501766205,0.38211706280708313,-0.1622152179479599,0.4484260380268097,0.41992634534835815,-0.14352798461914062,0.43208619952201843,0.23314537107944489,-0.11981966346502304,0.4145396947860718,0.2483857274055481,-0.17033857107162476,0.45591405034065247,0.312822163105011,-0.16491952538490295,0.49943646788597107,0.3458569645881653,-0.14765945076942444
S,0.7793671488761902,0.1299288123846054,1.4068172404790857e-08,0.7829341888427734,0.16304543614387512,-0.005943142808973789,0.7931934595108032,0.1928960680961609,-0.016412125900387764,0.7988360524177551,0.2186722755432129,-0.028833884745836258,0.7977615594863892,0.24102270603179932,-0.0396348275244236,0.8201526999473572,0.16824394464492798,-0.008381480351090431,0.8612918853759766,0.18424345552921295,-0.020115012302994728,0.8571178317070007,0.18984998762607574,-0.02753816917538643,0.8412643671035767,0.1884046345949173,-0.030273467302322388,0.8332274556159973,0.14903447031974792,-0.010634216479957104,0.8730405569076538,0.16928009688854218,-0.016873080283403397,0.8685058355331421,0.1758037954568863,-0.019807729870080948,0.8544580936431885,0.17328497767448425,-0.02175205573439598,0.8450608849525452,0.13233928382396698,-0.013920903205871582,0.8835067749023438,0.15202414989471436,-0.01698147878050804,0.877310574054718,0.16003009676933289,-0.01356445625424385,0.8613846898078918,0.15694239735603333,-0.010914490558207035,0.8546893000602722,0.11650270223617554,-0.017938241362571716,0.8887907862663269,0.1339379996061325,-0.016328947618603706,0.8833755850791931,0.1424904465675354,-0.009433849714696407,0.8683704733848572,0.14220184087753296,-0.004292117897421122
S,0.7388620972633362,0.1585625857114792,-1.6881313058547676e-07,0.7842106819152832,0.12936952710151672,0.00035089501761831343,0.8376147747039795,0.12372228503227234,-0.004124708939343691,0.8740414381027222,0.1379115879535675,-0.010464271530508995,0.8936127424240112,0.16157464683055878,-0.014191796071827412,0.8490157723426819,0.13567738234996796,-0.0067288815043866634,0.8959326148033142,0.1652372032403946,-0.020287467166781425,0.8818680644035339,0.16944751143455505,-0.02852431684732437,0.8626654148101807,0.16341806948184967,-0.03179949149489403,0.8347527384757996,0.1639748066663742,-0.013688823208212852,0.8748811483383179,0.18984860181808472,-0.020089032128453255,0.8651883006095886,0.1904442310333252,-0.021835941821336746,0.8490492105484009,0.18531079590320587,-0.023113416507840157,0.8171838521957397,0.19230914115905762,-0.02116275765001774,0.852325439453125,0.21255478262901306,-0.02426924742758274,0.8440118432044983,0.21091842651367188,-0.01702616550028324,0.829077422618866,0.2037336826324463,-0.012525429017841816,0.7978175282478333,0.21762946248054504,-0.028981056064367294,0.8263112902641296,0.23058775067329407,-0.027647290378808975,0.8209545612335205,0.22864177823066711,-0.017934808507561684,0.8091594576835632,0.2233477234840393,-0.010790527798235416
S,0.7740572690963745,0.10744485259056091,3.772784396005591e-08,0.7790157198905945,0.14281770586967468,-0.01699019782245159,0.8025730848312378,0.17213641107082367,-0.03020666539669037,0.8285317420959473,0.185992032289505,-0.041851166635751724,0.848473846912384,0.19006650149822235,-0.05084146931767464,0.8415466547012329,0.14041125774383545,-0.02467634342610836,0.8868785500526428,0.15999257564544678,-0.04366465285420418,0.8827896118164062,0.176273912191391,-0.05364256724715233,0.8652319312095642,0.18171502649784088,-0.056282930076122284,0.8526749014854431,0.1190345361828804,-0.02114264667034149,0.8953048586845398,0.14513471722602844,-0.03525717183947563,0.8882904052734375,0.16299480199813843,-0.039321716874837875,0.8729496002197266,0.16705819964408875,-0.0398726761341095,0.860925555229187,0.10425449162721634,-0.019239502027630806,0.9000915884971619,0.13133203983306885,-0.029778001829981804,0.8939803242683411,0.1486579030752182,-0.027495888993144035,0.8786934614181519,0.15266451239585876,-0.02375054359436035,0.8657240867614746,0.09240367263555527,-0.018748421221971512,0.8999273777008057,0.1163419783115387,-0.024586543440818787,0.8983207941055298,0.13349270820617676,-0.02172921411693096,0.8857576847076416,0.13963064551353455,-0.01767716556787491
T,0.6627654433250427,0.6645678281784058,3.2305965191881114e-07,0.6365390419960022,0.6753171682357788,-0.017524518072605133,0.6117282509803772,0.6892587542533875,-0.031034981831908226,0.5900394916534424,0.6881809830665588,-0.04334496334195137,0.5750192999839783,0.681657075881958,-0.056077733635902405,0.6414973735809326,0.7311816215515137,-0.019997140392661095,0.647486686706543,0.7606158256530762,-0.0317457914352417,0.6528705358505249,0.7806627750396729,-0.041740790009498596,0.6568419933319092,0.7967900037765503,-0.048679154366254807,0.6570549607276917,0.7290187478065491,-0.01866423338651657,0.6628153920173645,0.7593589425086975,-0.02867325209081173,0.6674599051475525,0.7811462879180908,-0.03785916790366173,0.6708532571792603,0.799798846244812,-0.044496215879917145,0.6708699464797974,0.7251284122467041,-0.01874862238764763,0.6749373078346252,0.7529958486557007,-0.025892209261655807,0.677558183670044,0.7732852697372437,-0.031079230830073357,0.6794960498809814,0.7907130718231201,-0.03429756313562393,0.6828399300575256,0.7194238305091858,-0.02064279280602932,0.6844831109046936,0.7423945665359497,-0.0250482689589262,0.6857109069824219,0.7589033246040344,-0.026294562965631485,0.6861658692359924,0.7736064195632935,-0.02689044363796711
U,0.38410961627960205,0.19262775778770447,8.72749268410189e-08,0.3859419822692871,0.17598098516464233,0.0020488204900175333,0.3918985426425934,0.15665769577026367,0.002369518391788006,0.3992827534675598,0.1442946344614029,0.0015256565529853106,0.40490397810935974,0.13586102426052094,0.0010936646722257137,0.3863452672958374,0.14429207146167755,0.004700702615082264,0.3911552429199219,0.12535175681114197,0.001626210636459291,0.3965741991996765,0.11361311376094818,-0.001762135187163949,0.4010930359363556,0.10564371198415756,-0.003718812484294176,0.3897874057292938,0.14499284327030182,0.0015153534477576613,0.39460697770118713,0.12647409737110138,-3.255074625485577e-05,0.3994506001472473,0.1157418042421341,-0.002627098700031638,0.40387746691703796,0.1070789098739624,-0.004313687328249216,0.3949751555919647,0.1473606824874878,-0.0019519919296726584,0.39982715249061584,0.12976235151290894,-0.002492953557521105,0.40414905548095703,0.11978411674499512,-0.0018498050048947334,0.40784481167793274,0.11153797060251236,-0.0013061773497611284,0.4013848900794983,0.15134106576442719,-0.00565110519528389,0.40555834770202637,0.1368429809808731,-0.004424192011356354,0.4082738161087036,0.1287369728088379,-0.0016799160512164235,0.4106236398220062,0.12259232252836227,0.000525820767506957
U,0.35792094469070435,0.5949930548667908,-1.3797421161143575e-07,0.3846243619918823,0.5747913122177124,-0.0007179399253800511,0.396882027387619,0.5418131947517395,-0.001415241975337267,0.3937074542045593,0.5146344900131226,-0.0036270387936383486,0.38087859749794006,0.5007387399673462,-0.005555058363825083,0.3929237425327301,0.5069108605384827,0.00332503579556942,0.38066935539245605,0.47367456555366516,-0.0039991941303014755,0.37514472007751465,0.47130945324897766,-0.010845012031495571,0.37546277046203613,0.47646528482437134,-0.014567545615136623,0.3774541914463043,0.508624255657196,-2.3923154003568925e-05,0.3639744520187378,0.4778381586074829,-0.005205128807574511,0.3618151545524597,0.4807484745979309,-0.010051047429442406,0.3643151521682739,0.4886518716812134,-0.01280593778938055,0.36203211545944214,0.5156380534172058,-0.004118992947041988,0.35044482350349426,0.48760560154914856,-0.008180324919521809,0.3498012125492096,0.4923305809497833,-0.00767931342124939,0.35257306694984436,0.5017839074134827,-0.0067698098719120026,0.3476390242576599,0.5254675149917603,-0.008533253334462643,0.34026870131492615,0.5028166770935059,-0.009990275837481022,0.34158432483673096,0.5065905451774597,-0.006703583057969809,0.3449445962905884,0.5151763558387756,-0.0034991183783859015
U,0.5505592226982117,0.18224884569644928,8.883696267503183e-08,0.5604770183563232,0.16728195548057556,-0.004227025434374809,0.5662254095077515,0.14531001448631287,-0.005329504143446684,0.5682264566421509,0.1273960918188095,-0.006051152013242245,0.5682172775268555,0.11443043500185013,-0.006265763193368912,0.565578043460846,0.13348203897476196,-0.0022282882127910852,0.5656036734580994,0.10978492349386215,-0.007015818264335394,0.5643157362937927,0.0930262953042984,-0.01121432799845934,0.5627009868621826,0.08056774735450745,-0.013850167393684387,0.5604020357131958,0.13323435187339783,-0.002432689070701599,0.5606618523597717,0.10940302908420563,-0.0065919505432248116,0.5597835183143616,0.09275303035974503,-0.010479438118636608,0.5585823655128479,0.07807034254074097,-0.012862389907240868,0.5554559230804443,0.13353492319583893,-0.0031440453603863716,0.5569404363632202,0.1117311641573906,-0.0061051067896187305,0.5569031238555908,0.09632474184036255,-0.006511774379760027,0.556175947189331,0.08303165435791016,-0.006302969995886087,0.5506118535995483,0.13464860618114471,-0.004565979354083538,0.5530365705490112,0.11640343070030212,-0.006467224098742008,0.5543897747993469,0.10441955924034119,-0.005742113571614027,0.5549420118331909,0.09462720155715942,-0.004563097842037678
U,0.4831726849079132,0.15709181129932404,4.715356638484991e-08,0.4856666922569275,0.14048685133457184,-0.00043388092308305204,0.48657718300819397,0.11865555495023727,-0.00018559327872935683,0.4867340922355652,0.10261575132608414,-0.0004977539065293968,0.4871438145637512,0.09036824852228165,-0.0004183585406281054,0.47659817337989807,0.10995824635028839,0.0012926936615258455,0.4711158275604248,0.08813884109258652,-0.002776788081973791,0.46811649203300476,0.0735773891210556,-0.006090349052101374,0.4661252796649933,0.0626462921500206,-0.008004182018339634,0.4766024649143219,0.1091609001159668,-0.0008205685880966485,0.47146689891815186,0.08824291080236435,-0.004053988493978977,0.46942102909088135,0.0739944726228714,-0.007015868090093136,0.4679220914840698,0.06180475279688835,-0.008809995837509632,0.4779815077781677,0.10945813357830048,-0.00336642749607563,0.47376009821891785,0.08929670602083206,-0.005714896600693464,0.47157022356987,0.0766434594988823,-0.006116473115980625,0.46975696086883545,0.0659974217414856,-0.00607626186683774,0.4809810221195221,0.11063280701637268,-0.006245043594390154,0.4764065742492676,0.09374039620161057,-0.007317919749766588,0.4742026925086975,0.08291095495223999,-0.006334446370601654,0.47287827730178833,0.07403281331062317,-0.005263213068246841
U,0.49110275506973267,0.15482185781002045,2.0158465119379798e-08,0.4970364570617676,0.13717322051525116,0.0007920709904283285,0.4981512427330017,0.11428392678499222,0.002625212538987398,0.4964524805545807,0.09874657541513443,0.0037139239721000195,0.49265313148498535,0.08860352635383606,0.005110499914735556,0.4899848401546478,0.10532639175653458,0.005413357634097338,0.4850694239139557,0.08556259423494339,0.0034405423793941736,0.48129919171333313,0.0732523500919342,0.0010326161282137036,0.4777921140193939,0.06437984108924866,-0.0005412588361650705,0.48633915185928345,0.10558471828699112,0.0033823444973677397,0.4823289215564728,0.0866975262761116,0.002052846597507596,0.48007631301879883,0.07545564323663712,-0.0005609545041806996,0.477699875831604,0.06582542508840561,-0.002324717817828059,0.48380663990974426,0.10671067982912064,0.0008778474293649197,0.4806976020336151,0.08844020217657089,0.00021657544129993767,0.4786956012248993,0.07765469700098038,-0.00016798943397589028,0.47679653763771057,0.06817218661308289,-0.0003893640241585672,0.48264193534851074,0.10859306156635284,-0.0019037099555134773,0.47863855957984924,0.09230534732341766,-0.001754655735567212,0.4770042598247528,0.08254796266555786,-0.0006889770156703889,0.47593259811401367,0.07435624301433563,0.00023891590535640717
U,0.6074280738830566,0.1938735842704773,9.474737794334942e-08,0.59512859582901,0.18076802790164948,-0.0002747246471699327,0.5884916186332703,0.15980549156665802,-0.0008788969716988504,0.5872508883476257,0.14309293031692505,-0.001961769536137581,0.588380753993988,0.1304512619972229,-0.002850270364433527,0.5871303677558899,0.15371891856193542,-0.001263971091248095,0.5891056656837463,0.13215374946594238,-0.006543310824781656,0.5916774868965149,0.11680806428194046,-0.010518742725253105,0.5932336449623108,0.10446526110172272,-0.012806391343474388,0.5933330059051514,0.1529305875301361,-0.0036835414357483387,0.5948193669319153,0.1310262382030487,-0.00768795283511281,0.5965334177017212,0.11551281064748764,-0.010739210061728954,0.597923994064331,0.10195332020521164,-0.012601598165929317,0.601413905620575,0.1525905579328537,-0.006244344171136618,0.6019496321678162,0.13105028867721558,-0.009371272288262844,0.6027998924255371,0.11651863157749176,-0.009710104204714298,0.6033274531364441,0.10413217544555664,-0.009409954771399498,0.6104587316513062,0.1530713587999344,-0.009031051769852638,0.6094108819961548,0.1344694197177887,-0.010910224169492722,0.6094999313354492,0.12199657410383224,-0.009962794370949268,0.6101860404014587,0.11133722960948944,-0.00871993787586689
U,0.533575177192688,0.35729289054870605,1.3752834604474629e-07,0.5452958941459656,0.3439475893974304,-0.0007197438972070813,0.5533292293548584,0.3283141553401947,-0.0010636367369443178,0.5606039762496948,0.3176383078098297,-0.002284384798258543,0.5630677938461304,0.30784133076667786,-0.0031509518157690763,0.5353034138679504,0.31381258368492126,0.004615217447280884,0.537826657295227,0.2952246069908142,6.45925392745994e-05,0.5439773797988892,0.28205639123916626,-0.004739055875688791,0.5498170852661133,0.2725841999053955,-0.007549033500254154,0.5326563119888306,0.31338104605674744,0.002134435111656785,0.5362458825111389,0.2940470576286316,-0.0013442501658573747,0.5425943732261658,0.2809540331363678,-0.005709185265004635,0.5489764213562012,0.2706749439239502,-0.008418031968176365,0.531999409198761,0.31363964080810547,-0.0010963014792650938,0.5358631014823914,0.2955836355686188,-0.003907613921910524,0.5417448282241821,0.28329503536224365,-0.005643654614686966,0.5474313497543335,0.2742075026035309,-0.006322328932583332,0.5332430601119995,0.3150012493133545,-0.004791531711816788,0.5354384183883667,0.3000486493110657,-0.006253157276660204,0.5391941666603088,0.2903618812561035,-0.005744372494518757,0.5433626770973206,0.2832699418067932,-0.00492493249475956
U,0.5485215783119202,0.2748813331127167,1.026378271262729e-07,0.5529962182044983,0.2574644684791565,-0.0001603864220669493,0.5563591718673706,0.23676124215126038,-0.00017648869834374636,0.5603287816047668,0.22214671969413757,-0.0010507643455639482,0.5641868710517883,0.2106393426656723,-0.001617272151634097,0.5481554269790649,0.22826699912548065,0.003033868269994855,0.5508155822753906,0.20857149362564087,-0.0007493523298762739,0.553921103477478,0.19440165162086487,-0.004660454578697681,0.556094765663147,0.18320287764072418,-0.0071703167632222176,0.5495476722717285,0.22941578924655914,0.000705304613802582,0.552948534488678,0.21002650260925293,-0.001919108210131526,0.5562739372253418,0.19654923677444458,-0.005288394168019295,0.5589820146560669,0.18443340063095093,-0.007500121835619211,0.5530347228050232,0.23159320652484894,-0.0020128304604440928,0.5565599203109741,0.21290737390518188,-0.004042413085699081,0.559357225894928,0.20013019442558289,-0.004372190218418837,0.5611125230789185,0.1890556812286377,-0.004390634596347809,0.5580740571022034,0.23478268086910248,-0.005112245213240385,0.5606258511543274,0.21946793794631958,-0.0059216138906776905,0.5628215670585632,0.20906035602092743,-0.004541635513305664,0.5644810795783997,0.2002720832824707,-0.003241938538849354
U,0.48424845933914185,0.3108454644680023,1.5301938560696726e-07,0.49413493275642395,0.30629363656044006,-0.00939474068582058,0.5022879242897034,0.2989243268966675,-0.015659300610423088,0.5063117146492004,0.29485929012298584,-0.02138478308916092,0.5043657422065735,0.29410186409950256,-0.027162550017237663,0.49435269832611084,0.2688210606575012,-0.007566905114799738,0.4957594573497772,0.2514340579509735,-0.013426674529910088,0.49526625871658325,0.24053244292736053,-0.01873592659831047,0.4943264126777649,0.23260731995105743,-0.022294459864497185,0.48700815439224243,0.2663782238960266,-0.006883496418595314,0.48674720525741577,0.24734070897102356,-0.011656143702566624,0.48605695366859436,0.23567773401737213,-0.016381220892071724,0.48486074805259705,0.2268407791852951,-0.01967351883649826,0.4800678491592407,0.2669314444065094,-0.007317079696804285,0.4785032868385315,0.24904288351535797,-0.011007568798959255,0.4775257408618927,0.23821698129177094,-0.013870472088456154,0.4764896631240845,0.22946874797344208,-0.015675155445933342,0.4736645817756653,0.2697746455669403,-0.008757526986300945,0.4709182381629944,0.25510960817337036,-0.011119071394205093,0.4695514440536499,0.24557867646217346,-0.011935202404856682,0.46891582012176514,0.2375805526971817,-0.012350273318588734
U,0.541449785232544,0.1749400645494461,1.339299444680364e-07,0.5510105490684509,0.16165576875209808,-0.005377982743084431,0.5551316142082214,0.1425272822380066,-0.007817436940968037,0.555158257484436,0.12603574991226196,-0.010003481060266495,0.5534694790840149,0.11394190043210983,-0.012454894371330738,0.5529814958572388,0.12952394783496857,-0.0069398726336658,0.5535027980804443,0.105366051197052,-0.014143351465463638,0.5516727566719055,0.08752360939979553,-0.019803771749138832,0.5490482449531555,0.0730987936258316,-0.023437293246388435,0.5472237467765808,0.129304438829422,-0.00835755467414856,0.5472410917282104,0.1044253557920456,-0.015542665496468544,0.5456092357635498,0.08567723631858826,-0.021372733637690544,0.5435432195663452,0.0699097290635109,-0.024974092841148376,0.5415119528770447,0.13072165846824646,-0.010303289629518986,0.5420510768890381,0.10703781247138977,-0.01654347963631153,0.5412247180938721,0.08981934189796448,-0.020079422742128372,0.5396915674209595,0.07560282945632935,-0.021819282323122025,0.5357552766799927,0.13360083103179932,-0.01279672235250473,0.5365435481071472,0.11452899128198624,-0.01807522214949131,0.5369493365287781,0.10088333487510681,-0.020001664757728577,0.5373695492744446,0.08932952582836151,-0.020621279254555702
U,0.5235605239868164,0.3175867199897766,1.0297501518152785e-07,0.5346242785453796,0.3046483099460602,-0.0020752691198140383,0.5403591990470886,0.2876794636249542,-0.003029328305274248,0.5429070591926575,0.27461934089660645,-0.004278359469026327,0.5448880791664124,0.2643870711326599,-0.005442151799798012,0.5346922874450684,0.27692970633506775,-0.00024116795975714922,0.5340896844863892,0.2582038640975952,-0.00421700906008482,0.5345192551612854,0.24470023810863495,-0.007885053753852844,0.5345871448516846,0.23416823148727417,-0.010047812946140766,0.5297382473945618,0.2769213616847992,-0.0014784079976379871,0.5298637747764587,0.2574085593223572,-0.004527321085333824,0.5310183167457581,0.243879497051239,-0.007861972786486149,0.5319355130195618,0.2326187789440155,-0.009907488711178303,0.5247230529785156,0.2774638831615448,-0.0030898971017450094,0.5255822539329529,0.2595386207103729,-0.005309854634106159,0.5269091129302979,0.24699734151363373,-0.00609018886461854,0.5278098583221436,0.23646856844425201,-0.006259164772927761,0.5197628140449524,0.27878817915916443,-0.005112366285175085,0.5200955271720886,0.2632482051849365,-0.006215462926775217,0.5213778018951416,0.2527138590812683,-0.005338489543646574,0.5224339365959167,0.24420206248760223,-0.004260864108800888
U,0.5222148299217224,0.16092629730701447,1.0167602226829331e-07,0.5224239230155945,0.14983506500720978,-0.004324478562921286,0.5226064920425415,0.13103878498077393,-0.005674432497471571,0.5226264595985413,0.11610487103462219,-0.006855322979390621,0.5231955051422119,0.10451815277338028,-0.007742659188807011,0.5231340527534485,0.11961107701063156,-0.003005941631272435,0.5214255452156067,0.098800428211689,-0.007984789088368416,0.5193959474563599,0.08342691510915756,-0.012155651114881039,0.5169870257377625,0.07050371170043945,-0.014851128682494164,0.5226959586143494,0.11849179863929749,-0.0039170836098492146,0.5219517350196838,0.09764526784420013,-0.008512349799275398,0.5207542777061462,0.08180373162031174,-0.012720887549221516,0.5196362137794495,0.06829512119293213,-0.015304626896977425,0.5220422148704529,0.11834079027175903,-0.005365107208490372,0.5225481986999512,0.09885384887456894,-0.009169338271021843,0.5218698978424072,0.08437959849834442,-0.011371527798473835,0.5208163857460022,0.07173922657966614,-0.012433996424078941,0.520927906036377,0.11959460377693176,-0.007376272697001696,0.5219288468360901,0.10298424959182739,-0.010223979130387306,0.5225731134414673,0.0911078006029129,-0.010810011997818947,0.5235010385513306,0.08055804669857025,-0.010718479752540588
U,0.5192626714706421,0.15760494768619537,9.568535119797161e-08,0.5249470472335815,0.1426713913679123,-0.0026276009157299995,0.5273305177688599,0.1213560700416565,-0.0034516870509833097,0.5280081629753113,0.1042809784412384,-0.004511557519435883,0.5283737182617188,0.09083662182092667,-0.005598939023911953,0.5237604379653931,0.11457859724760056,-0.00255014025606215,0.5200603008270264,0.09302782267332077,-0.00850393995642662,0.5172619223594666,0.07638895511627197,-0.013264345936477184,0.5142613649368286,0.0625675767660141,-0.016230354085564613,0.5207793116569519,0.11435212939977646,-0.004559364635497332,0.5187344551086426,0.09223009645938873,-0.010099287144839764,0.5164016485214233,0.07460260391235352,-0.01470972504466772,0.514115571975708,0.05983322113752365,-0.01754414290189743,0.5175157785415649,0.1149776354432106,-0.006968835834413767,0.5173574686050415,0.09376586973667145,-0.01186846662312746,0.5160912871360779,0.07752778381109238,-0.014450209215283394,0.514620304107666,0.06397122144699097,-0.015582198277115822,0.5141041278839111,0.11696881055831909,-0.00970816146582365,0.5155594944953918,0.09941984713077545,-0.01348066981881857,0.51673424243927,0.08636385202407837,-0.014414296485483646,0.517911434173584,0.07490760087966919,-0.01446728315204382
U,0.47962623834609985,0.8645443916320801,1.9175568013451993e-06,0.5608741044998169,0.8644117116928101,-0.1578378677368164,0.5858470797538757,0.8143117427825928,-0.2617133855819702,0.5099068284034729,0.7696567177772522,-0.3409443199634552,0.42359787225723267,0.7437756061553955,-0.4211712181568146,0.6069033145904541,0.5766264796257019,-0.23121699690818787,0.5972466468811035,0.3983750343322754,-0.33304116129875183,0.5823657512664795,0.27155324816703796,-0.4017932415008545,0.5708798766136169,0.17493483424186707,-0.4456513226032257,0.5390946865081787,0.5480453968048096,-0.19817456603050232,0.5337496995925903,0.3461933135986328,-0.30015820264816284,0.5162220597267151,0.2050783634185791,-0.36646372079849243,0.5025086402893066,0.08630514144897461,-0.409467488527298,0.47794052958488464,0.5484252572059631,-0.1733502745628357,0.4760393798351288,0.36335164308547974,-0.25500044226646423,0.47384265065193176,0.23072344064712524,-0.30215516686439514,0.47805365920066833,0.12388747930526733,-0.3303626477718353,0.41417109966278076,0.5707507729530334,-0.1595773696899414,0.4337470233440399,0.4280819892883301,-0.21670739352703094,0.4448796212673187,0.32185304164886475,-0.245600163936615,0.4554721713066101,0.23558160662651062,-0.26490139961242676
U,0.5414049029350281,0.17266803979873657,7.635783560999698e-08,0.5427270531654358,0.15346696972846985,-0.0013605402782559395,0.544421374797821,0.12620756030082703,-0.0002900610270444304,0.5470861792564392,0.10595209896564484,0.0001418413157807663,0.5489853620529175,0.0907391607761383,0.0011098131071776152,0.5385550260543823,0.11674752086400986,0.004053005948662758,0.5371426343917847,0.09116344153881073,-0.00014483592531178147,0.536596953868866,0.07277975231409073,-0.0043764845468103886,0.5361731052398682,0.057788632810115814,-0.007261327933520079,0.5385729074478149,0.11643529683351517,0.001789076253771782,0.5377683043479919,0.09191222488880157,-0.0017250159289687872,0.5378801822662354,0.07381053268909454,-0.00650114007294178,0.5379804968833923,0.05644388496875763,-0.009784302674233913,0.5393851399421692,0.11726407706737518,-0.0011905819410458207,0.539244532585144,0.0937061682343483,-0.004229194018989801,0.5391268730163574,0.07690111547708511,-0.006129151210188866,0.5383213758468628,0.06136414781212807,-0.007198786363005638,0.5408734083175659,0.11876700818538666,-0.004711431451141834,0.5390944480895996,0.09886334836483002,-0.0068631479516625404,0.5386349558830261,0.08506548404693604,-0.0069974930956959724,0.5385897755622864,0.07230813801288605,-0.006787281949073076
U,0.6124521493911743,0.20169007778167725,7.206667618220308e-08,0.6210708022117615,0.18362930417060852,0.00039725471287965775,0.6245213747024536,0.15960174798965454,0.0013378693256527185,0.6283785104751587,0.1436760574579239,0.0011005289852619171,0.6295290589332581,0.13122716546058655,0.0012890317011624575,0.6027400493621826,0.14977100491523743,0.005529638379812241,0.6025444269180298,0.12825605273246765,0.0012708369176834822,0.6051183342933655,0.11331570893526077,-0.0030686159152537584,0.607361376285553,0.10276928544044495,-0.00583329051733017,0.6025081872940063,0.1502491980791092,0.002189943101257086,0.6028590798377991,0.1279662549495697,-0.0015724552795290947,0.6062136292457581,0.11302997171878815,-0.0055841002613306046,0.6089181303977966,0.1009288802742958,-0.008120316080749035,0.6057190299034119,0.151645690202713,-0.0019710927736014128,0.605746865272522,0.12935490906238556,-0.005066920071840286,0.6085272431373596,0.11530427634716034,-0.006130259018391371,0.6109790802001953,0.10437144339084625,-0.006395300384610891,0.6117997765541077,0.15361036360263824,-0.006582122296094894,0.6108014583587646,0.1343037486076355,-0.008255649358034134,0.6119076013565063,0.12163136154413223,-0.007670925464481115,0.6136211156845093,0.1120222806930542,-0.006883261259645224
V,0.5696263313293457,0.16811832785606384,1.0629478452983676e-07,0.5778204798698425,0.1518537998199463,0.001982699381187558,0.5807159543037415,0.12884803116321564,0.003720707492902875,0.5850349068641663,0.11366279423236847,0.004099076148122549,0.5853461027145386,0.10118823498487473,0.005353401880711317,0.5537254214286804,0.11788119375705719,0.007877410389482975,0.5538424253463745,0.0921696200966835,0.003991137724369764,0.5679680109024048,0.08568902313709259,-0.00041889576823450625,0.5802299976348877,0.08998646587133408,-0.0019379432778805494,0.549845278263092,0.11740725487470627,0.005803117994219065,0.5523541569709778,0.09150180220603943,0.0032982323318719864,0.5682097673416138,0.08610358834266663,-0.0012606456875801086,0.5806617736816406,0.09124673157930374,-0.0037481754552572966,0.5494418740272522,0.11673641204833984,0.003126027062535286,0.5537793636322021,0.09324189275503159,0.002492927247658372,0.568475067615509,0.08813260495662689,-0.00034267306909896433,0.5792413949966431,0.0914120227098465,-0.002030006842687726,0.5524809956550598,0.116338811814785,0.00038422748912125826,0.5555915832519531,0.09583825618028641,0.0005387475248426199,0.5654640793800354,0.08914714306592941,0.0002422748220851645,0.5737881660461426,0.08984197676181793,0.0003669291618280113
V,0.5640708804130554,0.1736963540315628,3.984424168379519e-08,0.5731413960456848,0.1547902524471283,0.006938386242836714,0.5760653018951416,0.1320212483406067,0.010601624846458435,0.5814839601516724,0.11706508696079254,0.01119847223162651,0.5836916565895081,0.10439984500408173,0.01252153143286705,0.5486777424812317,0.11852133274078369,0.016769813373684883,0.552291750907898,0.09448860585689545,0.013730838894844055,0.567210853099823,0.08930552005767822,0.009049985557794571,0.5792073011398315,0.0944255143404007,0.0070850360207259655,0.5463087558746338,0.11787058413028717,0.011617333628237247,0.5503593683242798,0.09269776195287704,0.009329359978437424,0.5663895606994629,0.08908669650554657,0.004093344323337078,0.5786910653114319,0.09505949169397354,0.0010677855461835861,0.5468629598617554,0.11645720899105072,0.005785031709820032,0.5519415736198425,0.09312738478183746,0.005409857723861933,0.5672377347946167,0.09007211774587631,0.002436361275613308,0.5780795216560364,0.09495702385902405,0.0006614997400902212,0.5507334470748901,0.11508965492248535,3.854327951557934e-05,0.5548427700996399,0.09439258277416229,0.0011374211171641946,0.5654391050338745,0.09025595337152481,0.0014670143136754632,0.5739297270774841,0.09340950846672058,0.0018351596081629395
V,0.3598369061946869,0.1507064551115036,1.2296169416003977e-07,0.3695504367351532,0.13468119502067566,0.0020025004632771015,0.37576133012771606,0.11533444374799728,0.0004876696621067822,0.3810970187187195,0.1012820154428482,-0.002529605058953166,0.3826349675655365,0.08903065323829651,-0.005197526887059212,0.34938758611679077,0.098854660987854,0.0005908878520131111,0.3569648563861847,0.0815747082233429,-0.00698380172252655,0.3716714084148407,0.07622580230236053,-0.013555270619690418,0.3834492564201355,0.07992237061262131,-0.016620833426713943,0.34448114037513733,0.10032724589109421,-0.0031060287728905678,0.3536098897457123,0.0823352262377739,-0.009101145900785923,0.37008073925971985,0.07811466604471207,-0.013700622133910656,0.3817497491836548,0.0819232314825058,-0.016399823129177094,0.3422914445400238,0.1028774231672287,-0.007018526084721088,0.3522104024887085,0.08525461703538895,-0.012001900933682919,0.36884254217147827,0.08168348670005798,-0.013689775951206684,0.37958458065986633,0.08548936247825623,-0.014047250151634216,0.3428632318973541,0.10691043734550476,-0.010817522183060646,0.35241255164146423,0.09115080535411835,-0.013626388274133205,0.36452117562294006,0.08770841360092163,-0.012961642816662788,0.37289103865623474,0.09119035303592682,-0.011747488752007484
V,0.6274706125259399,0.7708125114440918,4.1262194372393424e-07,0.6434205174446106,0.6833309531211853,-0.009145775809884071,0.6376597285270691,0.5990313291549683,-0.018005801364779472,0.6269177794456482,0.5486088395118713,-0.033483654260635376,0.6122543811798096,0.5320063829421997,-0.04802287369966507,0.5384153723716736,0.5588311553001404,-0.0011488820891827345,0.5373232960700989,0.49659326672554016,-0.03647452965378761,0.5743297338485718,0.4851137399673462,-0.063045933842659,0.6084792017936707,0.4841359555721283,-0.07563231140375137,0.5007915496826172,0.5753338932991028,-0.02125294879078865,0.4606553614139557,0.4923197031021118,-0.05280249938368797,0.45840364694595337,0.43582627177238464,-0.07617366313934326,0.45810404419898987,0.39169156551361084,-0.09050213545560837,0.4678480327129364,0.6097098588943481,-0.04687455669045448,0.4180578887462616,0.5436956882476807,-0.08635398745536804,0.45019233226776123,0.5481171011924744,-0.09625829756259918,0.48165440559387207,0.5620616674423218,-0.09350457042455673,0.44714033603668213,0.6570361256599426,-0.07410704344511032,0.3854004144668579,0.5925822854042053,-0.09999003261327744,0.3498074412345886,0.5386241674423218,-0.10453634709119797,0.3218362331390381,0.49162501096725464,-0.10469255596399307
V,0.510775625705719,0.15185599029064178,9.507404286068777e-08,0.5080907344818115,0.13646017014980316,0.0014646346680819988,0.5057981014251709,0.11512579768896103,0.001545478357002139,0.5045406222343445,0.10024472326040268,0.0007901699864305556,0.5030653476715088,0.08860278874635696,-4.8325771786039695e-05,0.5115602612495422,0.10858505219221115,0.0007402104674838483,0.5161217451095581,0.08909964561462402,-0.004167554434388876,0.5202427506446838,0.07471892237663269,-0.008609811775386333,0.5231994390487671,0.06286077201366425,-0.011411630548536777,0.5120629072189331,0.1098579689860344,-0.002617878606542945,0.5171023607254028,0.08957446366548538,-0.0060938396491110325,0.5213426351547241,0.07516293227672577,-0.008957325480878353,0.5251367688179016,0.06217874214053154,-0.011016364209353924,0.5115278959274292,0.11196830868721008,-0.006173438858240843,0.5160400867462158,0.09221547096967697,-0.008407380431890488,0.5203980207443237,0.0781940370798111,-0.008412117138504982,0.5243387818336487,0.06584811210632324,-0.008443038910627365,0.5100883841514587,0.11467316001653671,-0.009932046756148338,0.5133119225502014,0.09822414070367813,-0.011349189095199108,0.5165965557098389,0.08647821098566055,-0.010567247867584229,0.5196450352668762,0.07606860995292664,-0.009923463687300682
V,0.84889817237854,0.5150498151779175,1.7151575093521387e-07,0.8703943490982056,0.5165922045707703,-0.0021839546971023083,0.8973957896232605,0.5069288015365601,-0.0021020714193582535,0.9147562384605408,0.4986506998538971,-0.002706069964915514,0.9289540648460388,0.493891179561615,-0.0030126296915113926,0.9008263945579529,0.4853013753890991,0.0001719129941193387,0.9268419146537781,0.47774645686149597,-0.007371361833065748,0.949207603931427,0.47700098156929016,-0.013972834683954716,0.9663552641868591,0.4777106046676636,-0.017899388447403908,0.9010173678398132,0.4848751723766327,-0.002029462018981576,0.9284297823905945,0.47778889536857605,-0.008445430546998978,0.9504667520523071,0.4779939353466034,-0.01412179321050644,0.969021737575531,0.478923499584198,-0.017611956223845482,0.9017015695571899,0.488108366727829,-0.005014882888644934,0.9280686974525452,0.4805683493614197,-0.010325982235372066,0.9485366344451904,0.47982317209243774,-0.012987618334591389,0.9651268124580383,0.4799438416957855,-0.014108524657785892,0.9029664397239685,0.49336668848991394,-0.008529460057616234,0.924727737903595,0.4848248064517975,-0.012250720523297787,0.9416062235832214,0.48192256689071655,-0.013173767365515232,0.9559705257415771,0.48089173436164856,-0.013256973586976528
V,0.3970552086830139,0.16742542386054993,7.65149437143009e-08,0.3898366689682007,0.15244068205356598,-0.00018675225146580487,0.37724316120147705,0.1346220076084137,-0.00010248118633171543,0.3668329417705536,0.12314268201589584,-0.0004727242048829794,0.35816100239753723,0.11351209878921509,-0.0005289456457830966,0.37749385833740234,0.12612652778625488,0.0009146279189735651,0.3662702143192291,0.10908215492963791,-0.003692540107294917,0.35814449191093445,0.09588845819234848,-0.008017562329769135,0.3511466681957245,0.08539843559265137,-0.010789414867758751,0.37554287910461426,0.12855751812458038,-0.0012919760774821043,0.36462730169296265,0.11096744984388351,-0.004435218404978514,0.35722967982292175,0.09833934903144836,-0.007561590522527695,0.35066285729408264,0.08635270595550537,-0.009707527235150337,0.37242886424064636,0.131414532661438,-0.003776681376621127,0.36228200793266296,0.11431977897882462,-0.005870572756975889,0.3555341362953186,0.10157769173383713,-0.005880664102733135,0.3495747148990631,0.0899023562669754,-0.005722434259951115,0.36894941329956055,0.13528554141521454,-0.006581061985343695,0.3606072664260864,0.12013767659664154,-0.007668990176171064,0.35574623942375183,0.10916139930486679,-0.006407726556062698,0.35146284103393555,0.09919068962335587,-0.005177115555852652
V,0.39260613918304443,0.1674479842185974,7.060328499619573e-08,0.38578954339027405,0.15287823975086212,-0.0014089372707530856,0.372237890958786,0.1335466206073761,-0.0016675865044817328,0.3609502911567688,0.12066052854061127,-0.0018752122996374965,0.3520800471305847,0.11047674715518951,-0.001809028210118413,0.3724172115325928,0.1273091584444046,-0.002526160329580307,0.3602241575717926,0.10961711406707764,-0.007918204180896282,0.35084083676338196,0.09617798775434494,-0.012507371604442596,0.34250861406326294,0.08589056134223938,-0.015429100953042507,0.369584321975708,0.12991724908351898,-0.004012532532215118,0.3581678569316864,0.11203593760728836,-0.007835623808205128,0.3496333360671997,0.0989450216293335,-0.01111101545393467,0.3416321277618408,0.08682456612586975,-0.013451763428747654,0.36597251892089844,0.13318003714084625,-0.0056872284039855,0.3554043769836426,0.11575939506292343,-0.0083693228662014,0.34847912192344666,0.10255655646324158,-0.008635355159640312,0.34174656867980957,0.0904104933142662,-0.008717273361980915,0.361974835395813,0.1374378800392151,-0.007677089422941208,0.3535057604312897,0.12218830734491348,-0.009507900103926659,0.3483838438987732,0.1110779196023941,-0.008718958124518394,0.3435225784778595,0.10114424675703049,-0.007869785651564598
V,0.6490382552146912,0.15567581355571747,7.755681963317329e-08,0.6596811413764954,0.14427343010902405,9.278043580707163e-05,0.6690548062324524,0.12167546898126602,0.00024258189660031348,0.6763104796409607,0.10562251508235931,-0.0008689904352650046,0.6770854592323303,0.09154309332370758,-0.0010984879918396473,0.6481325030326843,0.10209587961435318,0.003784980159252882,0.6526663899421692,0.07729437202215195,-0.002569658914580941,0.6652286052703857,0.07477634400129318,-0.007461666129529476,0.6734875440597534,0.08251675963401794,-0.00885098334401846,0.6441279053688049,0.1019345298409462,0.001498705823905766,0.6502224206924438,0.0770091563463211,-0.002685668645426631,0.6640737652778625,0.07609561085700989,-0.005908321589231491,0.6713384389877319,0.0845521092414856,-0.007229548413306475,0.6419790983200073,0.10249648988246918,-0.0016604457050561905,0.6503793597221375,0.07952813804149628,-0.004677830263972282,0.6633694171905518,0.07961801439523697,-0.00499277887865901,0.669457733631134,0.08692170679569244,-0.004211532883346081,0.6417127251625061,0.1045936718583107,-0.0050813271664083,0.6486591696739197,0.08443912118673325,-0.007012290880084038,0.6600162386894226,0.08099281787872314,-0.006170229520648718,0.6662538647651672,0.08483880758285522,-0.0045874458737671375
V,0.6480264067649841,0.16208429634571075,9.777472342875626e-08,0.6574743986129761,0.15109886229038239,0.0010671811178326607,0.666334867477417,0.12930946052074432,0.0011474365601316094,0.6723117828369141,0.11394349485635757,-0.0003887983039021492,0.6731235980987549,0.10138002038002014,-0.00113959691952914,0.6488240361213684,0.11095990240573883,0.003976162057369947,0.6518988609313965,0.08364039659500122,-0.003551146946847439,0.6634630560874939,0.07960428297519684,-0.009027884341776371,0.6718549728393555,0.08739650249481201,-0.01020528469234705,0.6444962620735168,0.11010121554136276,0.0011033068876713514,0.6484629511833191,0.08288834989070892,-0.00401710020378232,0.6622903943061829,0.07924561202526093,-0.007686566095799208,0.6705795526504517,0.08757469058036804,-0.00864146277308464,0.6420143246650696,0.10985821485519409,-0.0026127281598746777,0.6495187282562256,0.08452580869197845,-0.0064593651331961155,0.66222083568573,0.08243243396282196,-0.0071276091039180756,0.668524444103241,0.08963445574045181,-0.0058728535659611225,0.6416403651237488,0.11091826111078262,-0.0064429608173668385,0.647956907749176,0.08949285745620728,-0.009007087908685207,0.6585816740989685,0.08496551215648651,-0.008328153751790524,0.6645885109901428,0.0890485942363739,-0.006252744700759649
V,0.6457022428512573,0.16983453929424286,1.2997392673241848e-07,0.6564697027206421,0.15310737490653992,0.003889972111210227,0.6635889410972595,0.12907370924949646,0.0064455671235919,0.6674930453300476,0.11301515996456146,0.006498146802186966,0.6670926809310913,0.09979087114334106,0.0071919746696949005,0.6434673070907593,0.10801111161708832,0.013267053291201591,0.6504498720169067,0.086286261677742,0.00864505860954523,0.6635087132453918,0.08328162878751755,0.0034714906942099333,0.6738324761390686,0.0894910991191864,0.001551219611428678,0.6401281952857971,0.10760659724473953,0.009071674197912216,0.6474452018737793,0.08464869856834412,0.006323962472379208,0.6617446541786194,0.08178344368934631,0.0022104789968580008,0.6718735098838806,0.08809266984462738,0.00032157092937268317,0.6386346220970154,0.10781723260879517,0.0038503906689584255,0.6472060680389404,0.08550365269184113,0.0019863236229866743,0.6613905429840088,0.0833805650472641,0.0008143306476995349,0.670488178730011,0.08924279361963272,0.0011526320595294237,0.6395837664604187,0.10908743739128113,-0.0015514764236286283,0.6472897529602051,0.0881325900554657,-0.0023386371321976185,0.6580641865730286,0.08386537432670593,-0.0012932769022881985,0.665948748588562,0.086997389793396,0.0005735134473070502
V,0.6777698993682861,0.19149337708950043,1.0939734806925117e-07,0.6947424411773682,0.17614677548408508,0.005154550075531006,0.7058380246162415,0.15027178823947906,0.005773729179054499,0.7150543928146362,0.1334799826145172,0.003640113165602088,0.7230303287506104,0.11937686800956726,0.0014814210589975119,0.693029522895813,0.12779943645000458,0.005713918711990118,0.7065185308456421,0.10264067351818085,-0.0020074532367289066,0.7252968549728394,0.09591416269540787,-0.008918424136936665,0.7392092347145081,0.09777525067329407,-0.012457124888896942,0.6926179528236389,0.12898853421211243,-0.000803186499979347,0.7070350050926208,0.10284899920225143,-0.006485787220299244,0.72641921043396,0.09650108218193054,-0.011991685256361961,0.7396815419197083,0.09837770462036133,-0.015540634281933308,0.6941361427307129,0.1321547031402588,-0.0077787162736058235,0.7081961631774902,0.10655204951763153,-0.011810851283371449,0.7265418171882629,0.09975723177194595,-0.014894061721861362,0.739147961139679,0.09992294758558273,-0.016817348077893257,0.6977428197860718,0.13695785403251648,-0.014603395946323872,0.7076341509819031,0.11533944308757782,-0.0171861220151186,0.7205716967582703,0.10645318776369095,-0.01784098520874977,0.7308838367462158,0.10362724959850311,-0.018051752820611
W,0.5942667722702026,0.8236420154571533,1.411446987731324e-06,0.5553785562515259,0.8470107316970825,-0.16923180222511292,0.544809877872467,0.8160274624824524,-0.2736230492591858,0.6171901226043701,0.7600209712982178,-0.350764662027359,0.6840351819992065,0.7021464705467224,-0.42572373151779175,0.4336531460285187,0.5995512008666992,-0.22893254458904266,0.3709526062011719,0.4663167893886566,-0.319611132144928,0.3302805721759796,0.3665200173854828,-0.38285326957702637,0.30974674224853516,0.28925856947898865,-0.42869746685028076,0.48372378945350647,0.5483605861663818,-0.1905188113451004,0.43339768052101135,0.39772355556488037,-0.2820946276187897,0.4136762320995331,0.29003506898880005,-0.34502434730529785,0.40052133798599243,0.19346800446510315,-0.39166903495788574,0.5422317385673523,0.5357117056846619,-0.16242589056491852,0.5281562209129333,0.3990395665168762,-0.24508680403232574,0.5403834581375122,0.30820679664611816,-0.29709985852241516,0.5547305345535278,0.22751465439796448,-0.33278682827949524,0.6051912903785706,0.5495264530181885,-0.14595164358615875,0.6170936822891235,0.44482943415641785,-0.21250809729099274,0.6303458213806152,0.37665802240371704,-0.2493131011724472,0.6435720920562744,0.316947340965271,-0.2766081690788269
W,0.5334151387214661,0.1558508723974228,3.1950151413440153e-09,0.5246443748474121,0.14229080080986023,0.0029536071233451366,0.5145589113235474,0.12064714729785919,0.004742766264826059,0.5080949664115906,0.10473708063364029,0.005124835763126612,0.5029782652854919,0.09274721145629883,0.005803416017442942,0.512570321559906,0.10485272109508514,0.006141471676528454,0.5070205926895142,0.08185140788555145,0.0028497155290097,0.5005093216896057,0.06857834756374359,-0.0005352845182642341,0.49359560012817383,0.05938642844557762,-0.002467227401211858,0.5155903100967407,0.10275779664516449,0.0021872424986213446,0.5101870894432068,0.07950985431671143,-0.00035755318822339177,0.5042248964309692,0.06504309177398682,-0.0031757866963744164,0.4979309141635895,0.054460443556308746,-0.004769064486026764,0.5192732214927673,0.10252838581800461,-0.0021830573678016663,0.5146687030792236,0.07995479553937912,-0.0033194548450410366,0.5104109048843384,0.06665371358394623,-0.00385512993671,0.5057302713394165,0.05583905428647995,-0.00418434850871563,0.5239207148551941,0.10411984473466873,-0.006674794480204582,0.5222963690757751,0.08506599068641663,-0.007015915587544441,0.5200358033180237,0.07281006872653961,-0.005968580022454262,0.5179607272148132,0.06255604326725006,-0.004922473803162575
W,0.5407353639602661,0.16385293006896973,5.6643196799655016e-09,0.5255100727081299,0.15116310119628906,0.002436843002215028,0.5172763466835022,0.13092559576034546,0.00410644942894578,0.5147529244422913,0.11401260644197464,0.004690791945904493,0.51287841796875,0.10149842500686646,0.00563668180257082,0.5188369154930115,0.12200365960597992,0.006222282536327839,0.5146238207817078,0.10162924230098724,0.003999374341219664,0.5121443271636963,0.0890730544924736,0.0016649772878736258,0.5107161402702332,0.07967899739742279,0.00021165575890336186,0.5245432257652283,0.11926203221082687,0.003202908905223012,0.5197656750679016,0.09996659308671951,0.002097219694405794,0.5171576738357544,0.08793770521879196,0.00011215169070055708,0.5155119299888611,0.07729475200176239,-0.0012588079553097486,0.5312955975532532,0.11796052753925323,-0.00021042545267846435,0.5261118412017822,0.0992848128080368,-0.0005791174480691552,0.5232221484184265,0.08823414146900177,0.00025694005307741463,0.5213644504547119,0.07846242189407349,0.0007375034037977457,0.5385922193527222,0.11802537739276886,-0.00381950824521482,0.5338701009750366,0.10220387578010559,-0.0032751653343439102,0.5309775471687317,0.09251982718706131,-0.001125124515965581,0.5289390683174133,0.08435466885566711,0.0005620914162136614
W,0.7182309031486511,0.26414307951927185,-7.190188000549824e-08,0.7248023748397827,0.23511768877506256,0.00808043498545885,0.741265594959259,0.2034943699836731,0.007369381375610828,0.7597601413726807,0.18402808904647827,0.002421888057142496,0.7801974415779114,0.17476080358028412,-0.0014600027352571487,0.7419232130050659,0.1825522929430008,0.009037268348038197,0.7702022194862366,0.15365982055664062,-0.0019159277435392141,0.7854946255683899,0.16546624898910522,-0.009787285700440407,0.7851827144622803,0.18297137320041656,-0.01198620442301035,0.7474421858787537,0.18468591570854187,0.0003456409613136202,0.7785706520080566,0.15806463360786438,-0.00723070465028286,0.7892252802848816,0.17510980367660522,-0.011888156644999981,0.782541811466217,0.19345217943191528,-0.01324946153908968,0.7539162635803223,0.1901438981294632,-0.008922829292714596,0.7835572957992554,0.16605976223945618,-0.013321641832590103,0.7915433645248413,0.18317635357379913,-0.011776816099882126,0.7848352193832397,0.20009954273700714,-0.009286316111683846,0.7597077488899231,0.19800598919391632,-0.017942404374480247,0.7823437452316284,0.1778792142868042,-0.01945679821074009,0.7907909154891968,0.18877148628234863,-0.015740569680929184,0.7864837050437927,0.20249155163764954,-0.011788645759224892
W,0.7227466702461243,0.26109033823013306,5.242364764512786e-08,0.7292397022247314,0.23640894889831543,0.005643100012093782,0.7446117997169495,0.204138845205307,0.005025667604058981,0.7606115937232971,0.18134962022304535,0.001041153445839882,0.7789477705955505,0.1664159595966339,-0.0020807478576898575,0.7418113946914673,0.18593569099903107,0.008469996973872185,0.7656590342521667,0.15572533011436462,-0.0003653384337667376,0.7857472896575928,0.1585792601108551,-0.007159077562391758,0.7925598621368408,0.17131808400154114,-0.009315680712461472,0.7464591264724731,0.18805262446403503,0.0020327374804764986,0.7717823386192322,0.15917518734931946,-0.00324786314740777,0.7897258996963501,0.1660945564508438,-0.008474098518490791,0.7938818335533142,0.17937177419662476,-0.0113652553409338,0.7524296045303345,0.19310176372528076,-0.005015403497964144,0.7768355011940002,0.16684968769550323,-0.008113049902021885,0.7930300831794739,0.1759902685880661,-0.009313458576798439,0.7962093353271484,0.18930509686470032,-0.009778570383787155,0.7586690187454224,0.20052728056907654,-0.011885028332471848,0.7785508036613464,0.1798596829175949,-0.013265709392726421,0.7928348779678345,0.18399988114833832,-0.012215220369398594,0.7966306209564209,0.1934267282485962,-0.010878033004701138
W,0.6706311106681824,0.24733364582061768,9.694777958202394e-08,0.6838119029998779,0.23238618671894073,0.009879951365292072,0.6936604380607605,0.21314071118831635,0.013628100045025349,0.7008187174797058,0.2002621591091156,0.01401848066598177,0.7073656320571899,0.19197654724121094,0.014471685513854027,0.6855851411819458,0.18986301124095917,0.01752854697406292,0.7053306698799133,0.1815243661403656,0.017241770401597023,0.7191914319992065,0.18576517701148987,0.013800578191876411,0.7271485924720764,0.19484078884124756,0.011739570647478104,0.6873565912246704,0.18987499177455902,0.010845132172107697,0.705488383769989,0.17988675832748413,0.012336168438196182,0.7187901735305786,0.18390968441963196,0.008655086159706116,0.726248025894165,0.19391688704490662,0.005773027427494526,0.6910009980201721,0.1938859075307846,0.0040761809796094894,0.7079094648361206,0.18291431665420532,0.007358615752309561,0.7207649350166321,0.1865522265434265,0.006120865233242512,0.7279937267303467,0.19458059966564178,0.00428490387275815,0.6969540119171143,0.20068252086639404,-0.00242161494679749,0.7099580764770508,0.19061897695064545,0.0013516839826479554,0.7191272974014282,0.19135570526123047,0.003160350024700165,0.7249726057052612,0.19596277177333832,0.004037586972117424
X,0.45301705598831177,0.5225414037704468,-4.7550960857734026e-07,0.4604719281196594,0.49170970916748047,-0.011201529763638973,0.45593899488449097,0.4609275162220001,-0.03352300450205803,0.46285519003868103,0.43775510787963867,-0.05657560005784035,0.4708305299282074,0.41644492745399475,-0.08021660894155502,0.40839606523513794,0.46735653281211853,-0.05659136548638344,0.3848753571510315,0.4492461681365967,-0.08769894391298294,0.3735945522785187,0.43516990542411804,-0.10932901501655579,0.3702283501625061,0.42370909452438354,-0.12119266390800476,0.40642496943473816,0.4894540011882782,-0.06347515434026718,0.3846431076526642,0.47374194860458374,-0.09006087481975555,0.37891095876693726,0.46230632066726685,-0.09834307432174683,0.3774769604206085,0.4544484317302704,-0.10496643930673599,0.41585013270378113,0.5181193351745605,-0.06896558403968811,0.4053502678871155,0.5095762014389038,-0.09135156869888306,0.4033101797103882,0.5027124285697937,-0.09051372110843658,0.404479056596756,0.4999208152294159,-0.0885959342122078,0.43416720628738403,0.5486384630203247,-0.0750645101070404,0.42896026372909546,0.5460254549980164,-0.08533947169780731,0.4292543828487396,0.5406261086463928,-0.07781350612640381,0.43002790212631226,0.5379230380058289,-0.07274209707975388
Y,0.4646548926830292,0.48548775911331177,-1.2165173757239245e-07,0.45840317010879517,0.44943633675575256,-0.006006306037306786,0.44162842631340027,0.4160432517528534,-0.009396162815392017,0.4225437641143799,0.3969214856624603,-0.015153651125729084,0.4060024917125702,0.3867267966270447,-0.020495813339948654,0.3914903402328491,0.4149565100669861,0.0030780090019106865,0.38590219616889954,0.3967542350292206,-0.010816849768161774,0.39824867248535156,0.3914812207221985,-0.021030733361840248,0.41497039794921875,0.3912726938724518,-0.024897413328289986,0.38001683354377747,0.4361579120159149,0.001230809255503118,0.3920172154903412,0.42255011200904846,-0.0120368218049407,0.41877493262290955,0.42446044087409973,-0.01776023954153061,0.4420968294143677,0.42988866567611694,-0.017418263480067253,0.3758073151111603,0.45993921160697937,-0.0027291993610560894,0.3957287073135376,0.44942790269851685,-0.01776346005499363,0.42419669032096863,0.4529792070388794,-0.01735241711139679,0.44787150621414185,0.4583727717399597,-0.011186523362994194,0.37657102942466736,0.4835023880004883,-0.007411981001496315,0.39071229100227356,0.4745863080024719,-0.01705852709710598,0.41251513361930847,0.47396910190582275,-0.014220663346350193,0.4314177930355072,0.4764673411846161,-0.007149192970246077
Y,0.46348434686660767,0.4618864059448242,-2.988502103562496e-07,0.4486829936504364,0.431870698928833,-0.010317133739590645,0.4297574758529663,0.4091984033584595,-0.018799487501382828,0.41279032826423645,0.3975315988063812,-0.02786572277545929,0.40110689401626587,0.3845921754837036,-0.0365489199757576,0.380582332611084,0.41575920581817627,-0.013343343511223793,0.4047515392303467,0.4133261442184448,-0.032376982271671295,0.4292564392089844,0.41835835576057434,-0.04646024480462074,0.44965842366218567,0.4218723177909851,-0.05242808163166046,0.38020098209381104,0.4392613172531128,-0.013834601268172264,0.41545599699020386,0.4390818774700165,-0.02933156117796898,0.4426208436489105,0.4438433051109314,-0.036588817834854126,0.4627406895160675,0.44827765226364136,-0.0387306772172451,0.38721582293510437,0.4618808925151825,-0.015894994139671326,0.419476717710495,0.4617096483707428,-0.03159234672784805,0.44394540786743164,0.46279993653297424,-0.03229856863617897,0.46229422092437744,0.46466660499572754,-0.02820751816034317,0.3975202143192291,0.48249924182891846,-0.018785836175084114,0.40629079937934875,0.481485515832901,-0.027131585404276848,0.4127529561519623,0.4824904203414917,-0.024401886388659477,0.4158538281917572,0.485918253660202,-0.01895090937614441
Y,0.4975720942020416,0.39461931586265564,-3.9485746583522996e-07,0.4848605990409851,0.4348466694355011,-0.009175917133688927,0.4610360860824585,0.4676154851913452,-0.0186344962567091,0.43987318873405457,0.47844189405441284,-0.029973115772008896,0.4247329831123352,0.4793200194835663,-0.04052375629544258,0.3828521966934204,0.4581170082092285,-0.0014118903782218695,0.3853580951690674,0.47371429204940796,-0.01686960645020008,0.4092559814453125,0.4801231026649475,-0.03172804415225983,0.4275691509246826,0.4805181622505188,-0.04100377485156059,0.37398993968963623,0.4258931875228882,-0.005722187925130129,0.3830298185348511,0.4457398056983948,-0.019647471606731415,0.4139346480369568,0.45317062735557556,-0.028796182945370674,0.44048452377319336,0.4535408616065979,-0.03233318403363228,0.37978440523147583,0.39221176505088806,-0.012012309394776821,0.3915809988975525,0.4125525951385498,-0.026467852294445038,0.4212697744369507,0.41904670000076294,-0.027589499950408936,0.44776174426078796,0.42020121216773987,-0.024609168991446495,0.3949858546257019,0.3584465980529785,-0.01948005147278309,0.40888339281082153,0.3787437379360199,-0.030014194548130035,0.4311537742614746,0.39016759395599365,-0.02766333892941475,0.45160600543022156,0.39481425285339355,-0.022015193477272987
Y,0.45446962118148804,0.48349329829216003,-8.420337138659306e-08,0.45367878675460815,0.44984695315361023,-0.009418094530701637,0.44002124667167664,0.4152543544769287,-0.015482544898986816,0.4218081831932068,0.39423951506614685,-0.022009776905179024,0.4052291214466095,0.38397592306137085,-0.0275717843323946,0.3858843743801117,0.40915682911872864,-0.005399889312684536,0.3873335123062134,0.38959965109825134,-0.023595204576849937,0.4050486385822296,0.3909676969051361,-0.03596426919102669,0.4237028956413269,0.39748862385749817,-0.04105979576706886,0.373600572347641,0.43178510665893555,-0.0071540274657309055,0.38593512773513794,0.41401293873786926,-0.02215941622853279,0.41348403692245483,0.4185589849948883,-0.028038237243890762,0.4333384037017822,0.4266475439071655,-0.02809770777821541,0.37190693616867065,0.4573890268802643,-0.01125609315931797,0.3979649245738983,0.44663500785827637,-0.025672616437077522,0.42248204350471497,0.4507777988910675,-0.02469327114522457,0.43674561381340027,0.4567527770996094,-0.019874678924679756,0.37795329093933105,0.48311710357666016,-0.016407180577516556,0.4039766192436218,0.47407227754592896,-0.024454964324831963,0.4249498248100281,0.47326213121414185,-0.021122625097632408,0.43616774678230286,0.47601884603500366,-0.015233200043439865
Y,0.44697079062461853,0.4694739282131195,-1.4069695630780643e-08,0.45187270641326904,0.4427267611026764,-0.010981546714901924,0.4421190917491913,0.4121072292327881,-0.015838561579585075,0.42628949880599976,0.3928285241127014,-0.020158888772130013,0.4127528667449951,0.38134393095970154,-0.023945892229676247,0.3996371030807495,0.40167585015296936,-0.004501689691096544,0.3970917761325836,0.39266934990882874,-0.015881042927503586,0.4032004773616791,0.3915461003780365,-0.024697933346033096,0.4118629992008209,0.39124834537506104,-0.02926618978381157,0.3845469355583191,0.4192439913749695,-0.003127642208710313,0.39526283740997314,0.41614797711372375,-0.015498347580432892,0.417534202337265,0.4230211675167084,-0.020717501640319824,0.4335825741291046,0.42902126908302307,-0.021329106763005257,0.3766747713088989,0.4403451383113861,-0.0035977668594568968,0.3882289528846741,0.44019949436187744,-0.015508689917623997,0.40897583961486816,0.4438695013523102,-0.01337664294987917,0.42454794049263,0.44733956456184387,-0.008656728081405163,0.3750988245010376,0.46263760328292847,-0.0051409839652478695,0.38168320059776306,0.4609813094139099,-0.013208062388002872,0.39793860912323,0.4619925022125244,-0.010173971764743328,0.4099823236465454,0.46386292576789856,-0.004781037103384733
Y,0.42342332005500793,0.46938925981521606,-1.6470703201321157e-07,0.4235040545463562,0.44208836555480957,-0.01005063857883215,0.41237321496009827,0.4126288592815399,-0.016944389790296555,0.3994675278663635,0.3920165002346039,-0.023957302793860435,0.39056289196014404,0.37542054057121277,-0.02999788336455822,0.3624100089073181,0.4024905562400818,-0.01060852874070406,0.38232606649398804,0.3998616635799408,-0.029208090156316757,0.4012889266014099,0.40758487582206726,-0.042126402258872986,0.41445744037628174,0.4125329256057739,-0.048194628208875656,0.3520359396934509,0.4246642291545868,-0.01185652520507574,0.3834838271141052,0.4247601628303528,-0.025646593421697617,0.40390560030937195,0.43060266971588135,-0.031042825430631638,0.41506126523017883,0.43489694595336914,-0.032959647476673126,0.3507179319858551,0.4491661489009857,-0.015121905133128166,0.38238978385925293,0.4524424076080322,-0.02760513871908188,0.40142589807510376,0.4552033543586731,-0.02616403065621853,0.4117547571659088,0.4572111666202545,-0.022868596017360687,0.35613566637039185,0.47390317916870117,-0.019724760204553604,0.38115447759628296,0.4759284257888794,-0.026754723861813545,0.39793241024017334,0.47560641169548035,-0.023980995640158653,0.4065953195095062,0.4754292368888855,-0.019437631592154503
Y,0.4331086277961731,0.4618702530860901,3.7193002011548515e-09,0.42950114607810974,0.43402647972106934,-0.005603734403848648,0.41324347257614136,0.4063391387462616,-0.00959392823278904,0.396465927362442,0.3874824643135071,-0.014438444748520851,0.38569924235343933,0.37101662158966064,-0.019823484122753143,0.3862995505332947,0.4078078269958496,-0.005900679621845484,0.37163007259368896,0.3937146067619324,-0.018221590667963028,0.3733441233634949,0.39100927114486694,-0.026342282071709633,0.38094183802604675,0.3927108347415924,-0.029584892094135284,0.38020169734954834,0.4242086112499237,-0.008462338708341122,0.3648778796195984,0.4122501611709595,-0.02052518166601658,0.37257304787635803,0.41360536217689514,-0.02658519148826599,0.3821057081222534,0.41943463683128357,-0.028007110580801964,0.37895479798316956,0.4440579414367676,-0.01235137414187193,0.3654755651950836,0.43990764021873474,-0.023480277508497238,0.3696947991847992,0.4420425295829773,-0.024414408951997757,0.374271035194397,0.44540393352508545,-0.02234484627842903,0.3818667232990265,0.4656413495540619,-0.016441455110907555,0.36503833532333374,0.46524152159690857,-0.02282339334487915,0.3558806777000427,0.46658867597579956,-0.02173355594277382,0.34731924533843994,0.4687401354312897,-0.019304970279335976
Y,0.4147651493549347,0.47077202796936035,3.1377820164379955e-07,0.39517802000045776,0.4415687620639801,-0.018102724105119705,0.3777933418750763,0.41201695799827576,-0.03748298063874245,0.3701438307762146,0.38861119747161865,-0.054273821413517,0.37113410234451294,0.3720712661743164,-0.07084369659423828,0.41547638177871704,0.389521062374115,-0.054499853402376175,0.3865091800689697,0.3686720132827759,-0.07868584990501404,0.37150225043296814,0.3681637644767761,-0.09347314387559891,0.3642944395542145,0.36177998781204224,-0.10038662701845169,0.4283326268196106,0.4140249192714691,-0.051949288696050644,0.3841659426689148,0.4009067416191101,-0.06687179952859879,0.3659249544143677,0.407707542181015,-0.06727524846792221,0.36065980792045593,0.4106341004371643,-0.06940115243196487,0.4312606453895569,0.44274115562438965,-0.04932711645960808,0.3844693601131439,0.43539586663246155,-0.058613065630197525,0.36209091544151306,0.4402417540550232,-0.05499434098601341,0.35048794746398926,0.4427569508552551,-0.053208429366350174,0.4277932941913605,0.47284770011901855,-0.04845472797751427,0.38284143805503845,0.46323320269584656,-0.051597174257040024,0.3585204482078552,0.46647751331329346,-0.04758414626121521,0.343261182308197,0.4689510762691498,-0.0457763671875
Y,0.43163445591926575,0.4697745144367218,-3.370448453665631e-08,0.4310453236103058,0.4394347667694092,-0.008503596298396587,0.416499525308609,0.4087221324443817,-0.013126433826982975,0.3982522487640381,0.3865801990032196,-0.018331052735447884,0.38518840074539185,0.3680841326713562,-0.02371043711900711,0.3839353024959564,0.4001668691635132,-0.007666754070669413,0.37815144658088684,0.38191312551498413,-0.018868766725063324,0.37307703495025635,0.37093663215637207,-0.026305317878723145,0.37104105949401855,0.3633843958377838,-0.030220359563827515,0.37068939208984375,0.4165179133415222,-0.008590344339609146,0.38172751665115356,0.40786251425743103,-0.02440718561410904,0.3985751271247864,0.4144514799118042,-0.031087689101696014,0.41198503971099854,0.4222179651260376,-0.03194635361433029,0.36511537432670593,0.4366382658481598,-0.010797717608511448,0.37756189703941345,0.4313904941082001,-0.02744300477206707,0.3957403004169464,0.4378359317779541,-0.02794002741575241,0.40918076038360596,0.44350317120552063,-0.023582957684993744,0.3651314973831177,0.45789170265197754,-0.013529181480407715,0.36146020889282227,0.45509400963783264,-0.024459324777126312,0.3573759198188782,0.4589630365371704,-0.024395260959863663,0.3511064350605011,0.4635714888572693,-0.021148964762687683
Y,0.4237481653690338,0.43633657693862915,-2.842192543539568e-07,0.4160708785057068,0.4253295063972473,-0.00797862745821476,0.4011155366897583,0.42140164971351624,-0.013704083859920502,0.38363000750541687,0.42012274265289307,-0.019475603476166725,0.37125375866889954,0.4191288948059082,-0.023987213149666786,0.360886812210083,0.424858033657074,-0.009758072905242443,0.3651265799999237,0.42758333683013916,-0.021573908627033234,0.3808390498161316,0.42879948019981384,-0.028946910053491592,0.3903220593929291,0.42843738198280334,-0.03166315332055092,0.3611094355583191,0.43305766582489014,-0.01023950520902872,0.37020444869995117,0.4338361620903015,-0.021245935931801796,0.388906329870224,0.4347841739654541,-0.0262979194521904,0.40073588490486145,0.43696627020835876,-0.027400199323892593,0.36553114652633667,0.44118911027908325,-0.011564373038709164,0.3721695840358734,0.44236108660697937,-0.024135280400514603,0.38860756158828735,0.44226011633872986,-0.026034045964479446,0.3998448848724365,0.4437544047832489,-0.02352861315011978,0.3724546730518341,0.4497314989566803,-0.01309339702129364,0.36090728640556335,0.45832136273384094,-0.019739974290132523,0.3535498380661011,0.4627114534378052,-0.018927505239844322,0.3470907509326935,0.46587926149368286,-0.01584937982261181
Y,0.426801860332489,0.44112738966941833,-1.7812816111018037e-07,0.42124849557876587,0.4198532700538635,-0.007063140626996756,0.40259599685668945,0.4056318402290344,-0.01063273660838604,0.38377413153648376,0.397723525762558,-0.014847113750874996,0.37318819761276245,0.3930285573005676,-0.01825684681534767,0.36673492193222046,0.4016016125679016,-0.006182356271892786,0.3543110191822052,0.40121790766716003,-0.017726335674524307,0.36060962080955505,0.4007304608821869,-0.02429915964603424,0.36804863810539246,0.3991204798221588,-0.026185842230916023,0.3645104765892029,0.41628432273864746,-0.006756547372788191,0.3634659945964813,0.41757869720458984,-0.01983386091887951,0.38069021701812744,0.419225811958313,-0.024623289704322815,0.39340442419052124,0.4212678074836731,-0.02452847734093666,0.36641624569892883,0.4321935176849365,-0.008690145798027515,0.36553114652633667,0.4336651563644409,-0.022248879075050354,0.3808531165122986,0.4339539110660553,-0.023217428475618362,0.3928338587284088,0.43465709686279297,-0.019552284851670265,0.37048858404159546,0.4486163854598999,-0.010866963304579258,0.35386279225349426,0.4519634246826172,-0.017994895577430725,0.34540289640426636,0.45535552501678467,-0.01723514497280121,0.3379141390323639,0.4581247568130493,-0.014086171053349972
Y,0.4345346987247467,0.459987610578537,-2.088597028659933e-07,0.4336373805999756,0.42632487416267395,-0.013102423399686813,0.4202233552932739,0.39290234446525574,-0.021991565823554993,0.4073386490345001,0.3698558807373047,-0.030355772003531456,0.3986174464225769,0.3507942855358124,-0.0380103662610054,0.3568298816680908,0.38623911142349243,-0.01256677508354187,0.37472283840179443,0.3793920576572418,-0.029390711337327957,0.391034334897995,0.3856585621833801,-0.04312581568956375,0.4038985073566437,0.3895929455757141,-0.05112708732485771,0.3477116525173187,0.40892142057418823,-0.012777280062437057,0.3756241798400879,0.4065132141113281,-0.02580752968788147,0.39724022150039673,0.4134009778499603,-0.03279748186469078,0.41038474440574646,0.4183000326156616,-0.036591362208127975,0.3484671413898468,0.434615820646286,-0.01486638281494379,0.3788118362426758,0.4345376789569855,-0.026726074516773224,0.3974483907222748,0.43816709518432617,-0.02678593061864376,0.40826714038848877,0.4424421191215515,-0.02513824589550495,0.3559134304523468,0.46072158217430115,-0.01856823079288006,0.3778619170188904,0.46031540632247925,-0.026030873879790306,0.39455121755599976,0.46015462279319763,-0.0237822774797678,0.40393513441085815,0.46149900555610657,-0.019912252202630043
Y,0.42700812220573425,0.4613232910633087,-7.710461602528085e-08,0.42937400937080383,0.4351201355457306,-0.012502849102020264,0.42010071873664856,0.4037401080131531,-0.020006339997053146,0.40795981884002686,0.38142532110214233,-0.027587931603193283,0.4005381762981415,0.3640838861465454,-0.03456108272075653,0.37476253509521484,0.3894406855106354,-0.00938474666327238,0.3707055449485779,0.3764171302318573,-0.025652049109339714,0.379938006401062,0.3809240758419037,-0.036675114184617996,0.392539381980896,0.38544294238090515,-0.04175292328000069,0.36309391260147095,0.4103301763534546,-0.009461481124162674,0.3675802946090698,0.4038161337375641,-0.026455417275428772,0.38769423961639404,0.41219791769981384,-0.033326998353004456,0.40419256687164307,0.4197983145713806,-0.03399502485990524,0.3589631915092468,0.4344096779823303,-0.011758030392229557,0.36787113547325134,0.4338088035583496,-0.027213571593165398,0.3871183395385742,0.4397618770599365,-0.02670259401202202,0.40163734555244446,0.4445643723011017,-0.021993957459926605,0.3608274459838867,0.45925021171569824,-0.015116885304450989,0.3631017506122589,0.45838597416877747,-0.024006078019738197,0.3723825216293335,0.46111810207366943,-0.021617384627461433,0.3781784772872925,0.4636786878108978,-0.01658504456281662
Y,0.8602635860443115,0.24613523483276367,1.4530560576986318e-07,0.8696863651275635,0.24121883511543274,-0.00593859376385808,0.881388247013092,0.22868050634860992,-0.009599544107913971,0.889944851398468,0.2206517606973648,-0.01306113786995411,0.8958042860031128,0.21533872187137604,-0.01573237217962742,0.8799959421157837,0.19972442090511322,-0.005763569381088018,0.8983513116836548,0.18185624480247498,-0.012791707180440426,0.9133993983268738,0.18358761072158813,-0.018530748784542084,0.9221960306167603,0.19149836897850037,-0.021000942215323448,0.8794439435005188,0.19907794892787933,-0.004752682987600565,0.8978182077407837,0.18158306181430817,-0.01030056644231081,0.9132070541381836,0.18420396745204926,-0.015011031180620193,0.9218825101852417,0.19313165545463562,-0.0175740085542202,0.8816986680030823,0.19978897273540497,-0.004401884041726589,0.8996715545654297,0.18438951671123505,-0.007241557352244854,0.9130362868309021,0.18665534257888794,-0.00973487738519907,0.92046058177948,0.19386881589889526,-0.011027032509446144,0.8854864835739136,0.2020496129989624,-0.004730211570858955,0.9000871777534485,0.189067080616951,-0.005391465034335852,0.9106602668762207,0.18915627896785736,-0.0054067885503172874,0.9165589213371277,0.1937306523323059,-0.005048577673733234
Y,0.8521605730056763,0.2474091351032257,1.422570505837939e-07,0.8597058057785034,0.23549142479896545,-0.0004079471400473267,0.8745577335357666,0.22070357203483582,-0.0010682075517252088,0.8895144462585449,0.21284587681293488,-0.0023750553373247385,0.9000217914581299,0.20644883811473846,-0.0028930355329066515,0.8663893938064575,0.20106086134910583,-0.00024030485656112432,0.8859365582466125,0.1859569102525711,-0.006127872969955206,0.9025951027870178,0.18522459268569946,-0.010351339355111122,0.9144265055656433,0.1894286870956421,-0.011852039955556393,0.8675205111503601,0.20187146961688995,-0.0019483505748212337,0.8843411803245544,0.18497860431671143,-0.00673394650220871,0.9004181623458862,0.1837814450263977,-0.010140807367861271,0.9121179580688477,0.18851801753044128,-0.011641412042081356,0.8716416358947754,0.205180361866951,-0.004052828531712294,0.886911928653717,0.18773850798606873,-0.007465986534953117,0.9015523791313171,0.18574583530426025,-0.009060252457857132,0.9123375415802002,0.18887895345687866,-0.00943636056035757,0.8777781128883362,0.2104208618402481,-0.006340934429317713,0.8894280195236206,0.19588425755500793,-0.007774841506034136,0.9001739025115967,0.1912878304719925,-0.007571118418127298,0.9091271758079529,0.19103211164474487,-0.006819317117333412
Y,0.4049503207206726,0.4168555438518524,-3.610825842770282e-07,0.4158799350261688,0.46049928665161133,-0.004170506726950407,0.4265459477901459,0.4951455593109131,-0.011145459488034248,0.44390833377838135,0.5153647065162659,-0.018894612789154053,0.4633606970310211,0.52296382188797,-0.02816317044198513,0.394407719373703,0.5066733956336975,-0.016852963715791702,0.42424777150154114,0.5153837203979492,-0.03286121413111687,0.4517386555671692,0.5112833976745605,-0.045838817954063416,0.47104954719543457,0.509056806564331,-0.05395738035440445,0.3875196576118469,0.47868797183036804,-0.024066563695669174,0.42277586460113525,0.48296424746513367,-0.03515727445483208,0.45241695642471313,0.48159006237983704,-0.041902583092451096,0.47243809700012207,0.48119157552719116,-0.04788416251540184,0.3865695297718048,0.4467019736766815,-0.03154913708567619,0.4185832142829895,0.448698490858078,-0.04335157200694084,0.4426419734954834,0.450881689786911,-0.04459080472588539,0.4589335322380066,0.4532449245452881,-0.04540194571018219,0.3891613483428955,0.4157143533229828,-0.03913319110870361,0.41468003392219543,0.41704919934272766,-0.04903080314397812,0.4325019121170044,0.42023077607154846,-0.046641625463962555,0.44528576731681824,0.4233763813972473,-0.043779533356428146
Y,0.44660621881484985,0.43647465109825134,-3.736185192337871e-07,0.44601649045944214,0.4337179660797119,-0.012627397663891315,0.4381483495235443,0.4300258457660675,-0.02483818307518959,0.4294986426830292,0.42568233609199524,-0.03751358762383461,0.42809635400772095,0.4232313632965088,-0.05003273859620094,0.38007813692092896,0.44950976967811584,-0.014887942001223564,0.39704397320747375,0.44992756843566895,-0.03458971902728081,0.42872345447540283,0.45268815755844116,-0.05112680047750473,0.450811505317688,0.4533926248550415,-0.06021500751376152,0.37345314025878906,0.4533809721469879,-0.016191255301237106,0.39692631363868713,0.4530779719352722,-0.03255520388484001,0.4322230815887451,0.45229798555374146,-0.041283659636974335,0.45638176798820496,0.45056113600730896,-0.044544097036123276,0.37555190920829773,0.4536542594432831,-0.018994038924574852,0.3984486758708954,0.4527435898780823,-0.034598566591739655,0.4294421970844269,0.45285627245903015,-0.03527412191033363,0.4524798095226288,0.45321252942085266,-0.03168724477291107,0.38449326157569885,0.4529593586921692,-0.022977400571107864,0.4032091796398163,0.4536772668361664,-0.032206978648900986,0.42475396394729614,0.4544570744037628,-0.029105184599757195,0.4405532479286194,0.4554201662540436,-0.023528458550572395
Y,0.45440444350242615,0.3653382956981659,-5.16017280460801e-07,0.45092877745628357,0.404329389333725,-0.007774633355438709,0.4359700083732605,0.4424394965171814,-0.01599869690835476,0.4241926670074463,0.4673670530319214,-0.02569272741675377,0.4142228960990906,0.48372095823287964,-0.03520970419049263,0.3739567697048187,0.4407229423522949,-0.01181682851165533,0.3741275668144226,0.4650728106498718,-0.02793513424694538,0.391017347574234,0.4745199978351593,-0.04041965305805206,0.4054259657859802,0.4752383828163147,-0.04794237017631531,0.36744174361228943,0.4126220941543579,-0.016393424943089485,0.3951771557331085,0.43780604004859924,-0.03104034997522831,0.4274487793445587,0.44422078132629395,-0.03839542716741562,0.4477367401123047,0.44041523337364197,-0.04154057055711746,0.37529364228248596,0.3817354738712311,-0.021981678903102875,0.39890730381011963,0.407645583152771,-0.03746476024389267,0.42572474479675293,0.41498202085494995,-0.03739137947559357,0.4440138638019562,0.41389790177345276,-0.03420193865895271,0.3891253173351288,0.35144323110580444,-0.028114773333072662,0.4055919945240021,0.3719790577888489,-0.03971782326698303,0.42390698194503784,0.3842470645904541,-0.036721568554639816,0.4385838806629181,0.3880424499511719,-0.030938293784856796
Y,0.4460960924625397,0.4414767920970917,-3.392746066310792e-07,0.43727850914001465,0.416959673166275,-0.010829274542629719,0.4207320213317871,0.39475470781326294,-0.020499378442764282,0.4091602563858032,0.3805631399154663,-0.030813682824373245,0.40045806765556335,0.3715297281742096,-0.040943875908851624,0.36502140760421753,0.4039279818534851,-0.013015630654990673,0.3854285776615143,0.4000045657157898,-0.031986381858587265,0.41294968128204346,0.4057815968990326,-0.047561224550008774,0.4358917474746704,0.40851545333862305,-0.05582636222243309,0.3625319302082062,0.42909136414527893,-0.014690563082695007,0.3916097581386566,0.4251498878002167,-0.029657118022441864,0.4247545897960663,0.429537296295166,-0.03794628381729126,0.4496653079986572,0.4331052005290985,-0.041301120072603226,0.36910808086395264,0.452455997467041,-0.017725467681884766,0.3969508409500122,0.4485495984554291,-0.03192036971449852,0.42539694905281067,0.4497429132461548,-0.03255224600434303,0.4483754336833954,0.45204198360443115,-0.02939220890402794,0.3816632330417633,0.4741809368133545,-0.021854892373085022,0.4027475118637085,0.47235578298568726,-0.030788641422986984,0.4244524836540222,0.4701026380062103,-0.027760112658143044,0.44087907671928406,0.4692178964614868,-0.0220439862459898
Y,0.4040529131889343,0.3542896807193756,-4.122588563859608e-07,0.4024316072463989,0.3943917453289032,-0.010194689966738224,0.4010293483734131,0.42903271317481995,-0.021945396438241005,0.4030066132545471,0.45601508021354675,-0.033945970237255096,0.4053201973438263,0.4762639105319977,-0.045859746634960175,0.3534746766090393,0.43334081768989563,-0.024038737639784813,0.37588024139404297,0.4552001357078552,-0.046556517481803894,0.4087829887866974,0.4560583829879761,-0.0626378133893013,0.4338981509208679,0.4534258246421814,-0.0709654837846756,0.35251718759536743,0.40525180101394653,-0.02933378703892231,0.3786517381668091,0.42628970742225647,-0.04902756214141846,0.4148463308811188,0.43425044417381287,-0.05794547125697136,0.44083964824676514,0.43678903579711914,-0.0619385726749897,0.36236271262168884,0.3743641674518585,-0.035745613276958466,0.38677266240119934,0.3884536921977997,-0.056258801370859146,0.41667795181274414,0.4001597464084625,-0.05901632457971573,0.4383851885795593,0.405418336391449,-0.05691886320710182,0.3778062164783478,0.3464430272579193,-0.042302802205085754,0.39032313227653503,0.35569751262664795,-0.05729425698518753,0.4047723412513733,0.3659350574016571,-0.056591298431158066,0.4160151183605194,0.3727053701877594,-0.052656687796115875
Y,0.4263751208782196,0.4415701627731323,-1.5476972237138398e-07,0.42622053623199463,0.4049356281757355,-0.0036306562833487988,0.4149399399757385,0.36811214685440063,-0.007014917675405741,0.40496331453323364,0.34362685680389404,-0.012897541746497154,0.39815008640289307,0.3253980576992035,-0.018672635778784752,0.36142492294311523,0.3591357171535492,0.002684272127225995,0.377453088760376,0.3501357436180115,-0.012976650148630142,0.40200039744377136,0.3595028817653656,-0.025511914864182472,0.42376628518104553,0.3688749670982361,-0.030788427218794823,0.3527775704860687,0.3810741603374481,-0.0012440909631550312,0.38163015246391296,0.37638306617736816,-0.013084108941257,0.40993455052375793,0.3842965364456177,-0.019881103187799454,0.43138182163238525,0.3904416561126709,-0.021600130945444107,0.35336628556251526,0.4055655598640442,-0.006962429266422987,0.383515864610672,0.40356868505477905,-0.020695632323622704,0.4116760790348053,0.4087887406349182,-0.021156223490834236,0.43261492252349854,0.41369929909706116,-0.017023183405399323,0.3604843020439148,0.4299291968345642,-0.01326749473810196,0.3867509663105011,0.4270825684070587,-0.022327052429318428,0.4104248285293579,0.4276646375656128,-0.01976240798830986,0.42774197459220886,0.4296751320362091,-0.013706522062420845
Y,0.7655736207962036,0.7995598316192627,-4.404702735882893e-07,0.6162223815917969,0.7636483907699585,-0.04712067171931267,0.4630163013935089,0.7021142244338989,-0.07544232159852982,0.35158073902130127,0.6521257162094116,-0.10211537778377533,0.2672802805900574,0.6399422287940979,-0.12419914454221725,0.5215099453926086,0.5311589241027832,-0.06532358378171921,0.5062016844749451,0.4055730700492859,-0.14171965420246124,0.5361655950546265,0.3761543035507202,-0.19228829443454742,0.5686655640602112,0.3891872763633728,-0.2212645560503006,0.6131967306137085,0.49914124608039856,-0.07438643276691437,0.6335575580596924,0.4111446142196655,-0.17785069346427917,0.6454585194587708,0.5217289328575134,-0.21695736050605774,0.6515082120895386,0.6340364217758179,-0.2269156128168106,0.7097911238670349,0.5009981989860535,-0.08962680399417877,0.7298329472541809,0.40402740240097046,-0.1831524819135666,0.7187530994415283,0.5134063959121704,-0.18513928353786469,0.7042068839073181,0.619770884513855,-0.1657136231660843,0.7917203307151794,0.5298094153404236,-0.10692484676837921,0.805730402469635,0.4555198550224304,-0.17771662771701813,0.7873627543449402,0.5306745171546936,-0.17694061994552612,0.7619915008544922,0.605559766292572,-0.16011682152748108
Y,0.42993029952049255,0.5302248001098633,-3.0099255354798515e-07,0.4444231688976288,0.5210803151130676,-0.005892231594771147,0.4530474543571472,0.518959641456604,-0.02148297429084778,0.4672824740409851,0.5215374231338501,-0.037927038967609406,0.478806734085083,0.5208601951599121,-0.05560996010899544,0.4082789123058319,0.5437103509902954,-0.028890175744891167,0.45972055196762085,0.519712507724762,-0.05230310186743736,0.46727293729782104,0.5185151696205139,-0.06917870789766312,0.46166086196899414,0.5243908166885376,-0.0787486657500267,0.406160831451416,0.5520139932632446,-0.03723158687353134,0.4777083396911621,0.5248622894287109,-0.05691208690404892,0.47451260685920715,0.5226249098777771,-0.0632149949669838,0.4571981132030487,0.5281169414520264,-0.06784301996231079,0.4136037230491638,0.5582981109619141,-0.04561781510710716,0.488731324672699,0.5360608696937561,-0.06169736757874489,0.48169586062431335,0.5334494709968567,-0.05569123849272728,0.46263501048088074,0.5376511812210083,-0.05080321058630943,0.42733657360076904,0.5609206557273865,-0.05461406335234642,0.4877566695213318,0.5509101748466492,-0.06591786444187164,0.48229074478149414,0.549103319644928,-0.05812269076704979,0.4651196599006653,0.5522472262382507,-0.05113692954182625
Y,0.3964915871620178,0.4730529189109802,-2.2246763364819344e-07,0.40675851702690125,0.5214899778366089,-0.0019101002253592014,0.43353405594825745,0.5600871443748474,-0.010209512896835804,0.4674602448940277,0.5754525065422058,-0.019877571612596512,0.4932165741920471,0.5753989815711975,-0.03117413818836212,0.4131633937358856,0.5696662664413452,-0.018835028633475304,0.48002126812934875,0.568378746509552,-0.037003293633461,0.484514445066452,0.5633599162101746,-0.04931657016277313,0.473863422870636,0.5643454790115356,-0.0565735325217247,0.4060593545436859,0.5368484854698181,-0.027618033811450005,0.48767033219337463,0.530707597732544,-0.04219026491045952,0.48197951912879944,0.5238941311836243,-0.045674316585063934,0.4630766808986664,0.5261733531951904,-0.04845793917775154,0.4040555953979492,0.5019645690917969,-0.036464691162109375,0.478252649307251,0.4970633387565613,-0.0501270554959774,0.4705991744995117,0.49353939294815063,-0.045188236981630325,0.45025110244750977,0.49708354473114014,-0.04117906838655472,0.404837965965271,0.4681447744369507,-0.04525774344801903,0.46223074197769165,0.46837615966796875,-0.05716025456786156,0.4545700252056122,0.4667113423347473,-0.05171338468790054,0.43522071838378906,0.46867290139198303,-0.04582831636071205
Y,0.8282119631767273,0.4528747797012329,2.453539593716414e-07,0.8273687362670898,0.41434335708618164,0.005884493235498667,0.8338778614997864,0.3716079592704773,0.004176200833171606,0.8429964184761047,0.3432157635688782,-0.0010547059355303645,0.8530201315879822,0.3224608600139618,-0.006129699759185314,0.8171547055244446,0.34713247418403625,0.0060153440572321415,0.8359368443489075,0.30325624346733093,-0.007503110449761152,0.8593498468399048,0.27510690689086914,-0.019221944734454155,0.8810404539108276,0.2582685351371765,-0.025563176721334457,0.8250851631164551,0.34903204441070557,-0.0042083594016730785,0.8447312712669373,0.30425170063972473,-0.01357295736670494,0.864803671836853,0.2767166495323181,-0.02126730978488922,0.8837456703186035,0.2559184432029724,-0.026332242414355278,0.838047206401825,0.352470338344574,-0.015394691377878189,0.8557597398757935,0.3092740774154663,-0.021035118028521538,0.8731966614723206,0.2832183539867401,-0.02163027785718441,0.8899607062339783,0.26319420337677,-0.021960880607366562,0.8553166389465332,0.35758861899375916,-0.027154503390192986,0.867677628993988,0.32157841324806213,-0.02860783040523529,0.8796094059944153,0.2997521758079529,-0.025484755635261536,0.8910824656486511,0.2818748950958252,-0.023073874413967133
Y,0.7580757141113281,0.8139537572860718,-4.211915154428425e-07,0.6012796759605408,0.7447795867919922,-0.0066758329048752785,0.4696465730667114,0.6588603258132935,-0.01409915927797556,0.3713153004646301,0.5957638025283813,-0.03107750229537487,0.2974056303501129,0.5676164031028748,-0.04640202224254608,0.5609497427940369,0.5210583209991455,0.03254278004169464,0.5264842510223389,0.4100817143917084,-0.007608039770275354,0.5182076096534729,0.3862057030200958,-0.04806158319115639,0.5235111713409424,0.38913795351982117,-0.07433249801397324,0.6473691463470459,0.5046276450157166,0.014044227078557014,0.6133719682693481,0.40522634983062744,-0.038826458156108856,0.6028177738189697,0.4992775619029999,-0.06884513050317764,0.6135241985321045,0.5837217569351196,-0.07807879894971848,0.7358264327049255,0.5075944662094116,-0.01034180074930191,0.7068804502487183,0.4018162488937378,-0.04584232717752457,0.6803221702575684,0.5029988288879395,-0.034172601997852325,0.6828405261039734,0.5946903824806213,-0.01714809238910675,0.8283738493919373,0.5291903614997864,-0.037038654088974,0.7994029521942139,0.44687387347221375,-0.05280603840947151,0.753420352935791,0.5190487504005432,-0.03303883224725723,0.735942006111145,0.5914550423622131,-0.012682446278631687
Y,0.324285089969635,0.8583334684371948,-6.658220854660613e-07,0.47038450837135315,0.7707486152648926,-0.058787934482097626,0.6233512163162231,0.6444312334060669,-0.0869118720293045,0.7532129287719727,0.545314610004425,-0.11691533029079437,0.8564198017120361,0.4810861647129059,-0.14385978877544403,0.5765162706375122,0.48291608691215515,0.009874588809907436,0.5689153075218201,0.35774683952331543,-0.04855700209736824,0.5293706059455872,0.35233741998672485,-0.09621681272983551,0.49706631898880005,0.3844485878944397,-0.12212645262479782,0.4756757616996765,0.47121724486351013,0.014925150200724602,0.44950875639915466,0.3770005404949188,-0.05664530396461487,0.44849997758865356,0.4937523603439331,-0.09152206778526306,0.46174898743629456,0.5817044973373413,-0.09589941054582596,0.3734322488307953,0.4864498972892761,0.006881410256028175,0.3483165502548218,0.4026471972465515,-0.062035705894231796,0.36491066217422485,0.5201798677444458,-0.05555087327957153,0.3824194073677063,0.6047044992446899,-0.029461033642292023,0.27046966552734375,0.5254831314086914,-0.007181191351264715,0.25792196393013,0.45093613862991333,-0.05131252855062485,0.28555595874786377,0.5353952646255493,-0.036019209772348404,0.31337788701057434,0.5992339253425598,-0.008967076428234577
Y,0.32871100306510925,0.870496392250061,-5.981776780572545e-07,0.4697473645210266,0.7875795364379883,-0.0569290816783905,0.6097787618637085,0.6682183742523193,-0.08230055868625641,0.7226229906082153,0.5695387125015259,-0.10914523154497147,0.7935535907745361,0.5002549290657043,-0.129610076546669,0.5705525875091553,0.48391780257225037,0.015848170965909958,0.5645278692245483,0.3637744188308716,-0.04310014471411705,0.5291800498962402,0.3866499960422516,-0.09016162902116776,0.5080256462097168,0.4425424039363861,-0.11432428658008575,0.46445879340171814,0.4683379828929901,0.02252296730875969,0.4425492286682129,0.3671938478946686,-0.05345015600323677,0.43818551301956177,0.4828766882419586,-0.0934697687625885,0.45656266808509827,0.576090395450592,-0.09936214238405228,0.3614187240600586,0.4834296703338623,0.017078464850783348,0.3359755277633667,0.398898720741272,-0.04936397448182106,0.3551284372806549,0.513349175453186,-0.04514208808541298,0.38057783246040344,0.5991120338439941,-0.020903706550598145,0.26075324416160583,0.5225598216056824,0.005711797624826431,0.242415189743042,0.4605752229690552,-0.03849023953080177,0.2732217311859131,0.5439902544021606,-0.02684619091451168,0.3076939582824707,0.6043077111244202,-0.0014707472873851657
Y,0.3141045570373535,0.8629871606826782,-6.966325827306719e-07,0.45372751355171204,0.7920538187026978,-0.060545414686203,0.5959411263465881,0.6691379547119141,-0.08769608289003372,0.7116243839263916,0.5681697130203247,-0.11689566820859909,0.795902669429779,0.4978644847869873,-0.14180992543697357,0.5765777826309204,0.4966123402118683,0.01068816613405943,0.5806531310081482,0.36759722232818604,-0.052475884556770325,0.5510414838790894,0.37154102325439453,-0.10086208581924438,0.5313986539840698,0.4128493666648865,-0.12567567825317383,0.47595542669296265,0.47190767526626587,0.01568041555583477,0.4512283205986023,0.3586684763431549,-0.06407660990953445,0.44125574827194214,0.47652727365493774,-0.10160427540540695,0.4521465599536896,0.5736963748931885,-0.1028415858745575,0.37300971150398254,0.47526463866233826,0.007115479558706284,0.35121628642082214,0.3916829824447632,-0.07083308696746826,0.360184907913208,0.5150511264801025,-0.07026901841163635,0.3772751986980438,0.602767825126648,-0.043475572019815445,0.26834583282470703,0.500964343547821,-0.006832129321992397,0.25534749031066895,0.44015663862228394,-0.05620952323079109,0.2770004868507385,0.5314285755157471,-0.044528018683195114,0.30445748567581177,0.5998728275299072,-0.017676739022135735
Y,0.3197616636753082,0.8751682639122009,-7.02296347299125e-07,0.4599074423313141,0.784286379814148,-0.0611133836209774,0.5992405414581299,0.6549869775772095,-0.08418882638216019,0.6989064812660217,0.5462599396705627,-0.10701331496238708,0.7462005615234375,0.4791771173477173,-0.12366906553506851,0.5578392744064331,0.48605018854141235,0.01022876426577568,0.548082709312439,0.3607628643512726,-0.043082479387521744,0.5229438543319702,0.3918212354183197,-0.08442409336566925,0.5063440203666687,0.45175373554229736,-0.10493668168783188,0.45774492621421814,0.47018367052078247,0.019683128222823143,0.43087324500083923,0.3629991412162781,-0.04869178682565689,0.431623637676239,0.4824623167514801,-0.08460897207260132,0.4455793797969818,0.5803368091583252,-0.08922766149044037,0.3570190966129303,0.484559565782547,0.016978058964014053,0.33265966176986694,0.39364293217658997,-0.04727162420749664,0.354095995426178,0.5119605660438538,-0.04412826523184776,0.3733116686344147,0.5999517440795898,-0.021456124261021614,0.2543964385986328,0.5224772691726685,0.008537142537534237,0.2435774952173233,0.4524500072002411,-0.03514239937067032,0.27310043573379517,0.5373271703720093,-0.02353409118950367,0.3005087673664093,0.6024839282035828,0.0005836745258420706
Y,0.3198705315589905,0.8726755380630493,-8.416358809881785e-07,0.4546704888343811,0.7758693099021912,-0.048101410269737244,0.597335159778595,0.6463303565979004,-0.06821458041667938,0.725019633769989,0.5544770956039429,-0.09225005656480789,0.8066449761390686,0.49767860770225525,-0.11028557270765305,0.5640008449554443,0.4824451208114624,0.02346767857670784,0.550650954246521,0.36072832345962524,-0.03456498682498932,0.5335263013839722,0.40021422505378723,-0.08034192770719528,0.5268417596817017,0.4554804563522339,-0.10409371554851532,0.4673862159252167,0.4645645022392273,0.0237713735550642,0.4400014877319336,0.3521791100502014,-0.0432245172560215,0.44388750195503235,0.4783206880092621,-0.07578931003808975,0.46079760789871216,0.5671801567077637,-0.07844516634941101,0.3692283630371094,0.4741312861442566,0.011214442551136017,0.34652939438819885,0.37728121876716614,-0.051035817712545395,0.3705981969833374,0.5073032975196838,-0.04362160712480545,0.3918730616569519,0.5913481116294861,-0.01827383227646351,0.2682456970214844,0.508701503276825,-0.00699448399245739,0.2593976855278015,0.44863152503967285,-0.045075830072164536,0.292034775018692,0.5362815260887146,-0.02967154048383236,0.3221439719200134,0.59378582239151,-0.0037605450488626957
Y,0.3178468346595764,0.8768758773803711,-6.708431214974553e-07,0.45215752720832825,0.7904079556465149,-0.059675998985767365,0.6017730236053467,0.6409972906112671,-0.08583385497331619,0.7303745746612549,0.540243923664093,-0.11480560898780823,0.8272370100021362,0.473178505897522,-0.1372397541999817,0.5557464361190796,0.48421066999435425,0.012272191233932972,0.5449442267417908,0.35410887002944946,-0.05143037438392639,0.5275286436080933,0.38675370812416077,-0.09527190774679184,0.5239458084106445,0.44605308771133423,-0.115132175385952,0.4578370749950409,0.46855905652046204,0.015591800212860107,0.43653351068496704,0.36107388138771057,-0.0614357590675354,0.43831396102905273,0.48674508929252625,-0.09276474267244339,0.4561421275138855,0.5801072716712952,-0.09069610387086868,0.35521453619003296,0.47674664855003357,0.004103435203433037,0.34046781063079834,0.39124518632888794,-0.07198159396648407,0.3548550307750702,0.5167003273963928,-0.06731745600700378,0.37598946690559387,0.6020143032073975,-0.03874438256025314,0.24913226068019867,0.5024752616882324,-0.013312791474163532,0.2534497082233429,0.4428015351295471,-0.0601445697247982,0.27697211503982544,0.5361058115959167,-0.0468776635825634,0.3038773536682129,0.6018263101577759,-0.019734445959329605
Y,0.31303948163986206,0.862337589263916,-6.441455866479373e-07,0.4574315547943115,0.7797247171401978,-0.046618811786174774,0.5984284281730652,0.6396730542182922,-0.06049598753452301,0.6981041431427002,0.5232874751091003,-0.07897073030471802,0.7336833477020264,0.44429340958595276,-0.0937369242310524,0.53542160987854,0.4840966761112213,0.02780997008085251,0.5361712574958801,0.3553513288497925,-0.024841805920004845,0.5251909494400024,0.3890116810798645,-0.06574156880378723,0.5192328691482544,0.4518831968307495,-0.0858103558421135,0.44663190841674805,0.4698449969291687,0.02799384482204914,0.4410255551338196,0.36401307582855225,-0.03571492061018944,0.4461972415447235,0.4845620095729828,-0.06753627210855484,0.45698118209838867,0.5800226330757141,-0.0702090859413147,0.3525249660015106,0.48219379782676697,0.015242021530866623,0.34853294491767883,0.3925265669822693,-0.04740474373102188,0.3708880543708801,0.5114855170249939,-0.039051543921232224,0.38644376397132874,0.5974335670471191,-0.013680027797818184,0.2505427598953247,0.5183167457580566,-0.0026239631697535515,0.25813546776771545,0.4499601423740387,-0.045020051300525665,0.2884751558303833,0.5366608500480652,-0.029333263635635376,0.31135839223861694,0.6024283766746521,-0.003094930201768875
Y,0.3191394805908203,0.8496111035346985,-9.055066243490728e-07,0.4562605023384094,0.7626206874847412,-0.06266073137521744,0.594203531742096,0.6240876317024231,-0.08303172141313553,0.6783667802810669,0.5016001462936401,-0.10183313488960266,0.7067283391952515,0.4168301820755005,-0.11209165304899216,0.5485527515411377,0.4825018048286438,0.000922457838896662,0.5364963412284851,0.36703383922576904,-0.06385338306427002,0.508713960647583,0.4364906847476959,-0.10851137340068817,0.49953165650367737,0.5019032955169678,-0.12995079159736633,0.45835185050964355,0.4663826823234558,0.009282109327614307,0.44649243354797363,0.3688664436340332,-0.06932124495506287,0.43735185265541077,0.4910735487937927,-0.10540216416120529,0.4426753520965576,0.5691657066345215,-0.11065993458032608,0.36620548367500305,0.47699636220932007,0.0043793669901788235,0.35015764832496643,0.39016127586364746,-0.07087229937314987,0.3627346158027649,0.5050722360610962,-0.06401977688074112,0.3751523196697235,0.5790002346038818,-0.03822220489382744,0.2701580226421356,0.5071262121200562,-0.005905487108975649,0.26082950830459595,0.4422542154788971,-0.05587960407137871,0.2832556366920471,0.5245139598846436,-0.04341575875878334,0.30370059609413147,0.5781404972076416,-0.018356529995799065
Y,0.30170756578445435,0.8591444492340088,-6.917713335496956e-07,0.451386034488678,0.7691175937652588,-0.06175002455711365,0.6047958135604858,0.6275432109832764,-0.08317183703184128,0.7254036068916321,0.5203297138214111,-0.10422585159540176,0.804034948348999,0.4547368884086609,-0.11834500730037689,0.5406401753425598,0.4786795675754547,0.007238796912133694,0.5282958149909973,0.35275039076805115,-0.04638990759849548,0.5058108568191528,0.40825945138931274,-0.08384568989276886,0.4980306327342987,0.47266265749931335,-0.10161253809928894,0.4409932494163513,0.46695828437805176,0.01611214131116867,0.43083858489990234,0.366854727268219,-0.05256320536136627,0.43027883768081665,0.4924602806568146,-0.08640784025192261,0.4383077919483185,0.5785752534866333,-0.09124460816383362,0.3403044641017914,0.48378515243530273,0.012323109433054924,0.3267984390258789,0.39893782138824463,-0.050426509231328964,0.3491363227367401,0.5182552337646484,-0.042967941612005234,0.3639487326145172,0.5981028079986572,-0.019152887165546417,0.2387586236000061,0.5197104811668396,0.0026267324574291706,0.23195914924144745,0.44997042417526245,-0.035907696932554245,0.2623838186264038,0.531832218170166,-0.020199188962578773,0.28566229343414307,0.5884236097335815,0.005152171943336725
Y,0.3202877342700958,0.8465020060539246,-1.4914455732650822e-06,0.26122692227363586,0.7163490653038025,-0.009274899959564209,0.25046271085739136,0.6201207637786865,-0.012082752771675587,0.24108350276947021,0.5293881893157959,-0.016654938459396362,0.2359221875667572,0.4638057351112366,-0.013264339417219162,0.43872249126434326,0.5301541090011597,0.01673027314245701,0.3932216167449951,0.40148210525512695,-0.0025499805342406034,0.3323778510093689,0.3981056809425354,-0.026138875633478165,0.2914901077747345,0.4183442294597626,-0.04117494076490402,0.46786707639694214,0.5275052189826965,0.013007034547626972,0.4185284376144409,0.39935821294784546,-0.00726402597501874,0.3577690124511719,0.4643824100494385,-0.024282392114400864,0.3247382342815399,0.530195415019989,-0.03203542158007622,0.49140384793281555,0.5411760210990906,0.0058355433866381645,0.4462304413318634,0.4175339937210083,0.0021878485567867756,0.393134742975235,0.498455673456192,0.00958724319934845,0.38837745785713196,0.5693127512931824,0.012261562049388885,0.5224891901016235,0.5812537670135498,-0.0051869782619178295,0.5287839770317078,0.5023138523101807,-0.014003975316882133,0.49872851371765137,0.5339453816413879,-0.012172989547252655,0.5073741674423218,0.5775835514068604,-0.008407208137214184
Y,0.62599778175354,0.33580198884010315,-3.044821994535596e-07,0.6434693932533264,0.3571314811706543,-0.010822336189448833,0.663506269454956,0.38253986835479736,-0.024325214326381683,0.6768516898155212,0.4053539037704468,-0.03977617993950844,0.6825260519981384,0.4271017909049988,-0.05585622414946556,0.7029867172241211,0.36109691858291626,-0.020610926672816277,0.699881911277771,0.3993702530860901,-0.041818615049123764,0.6845017075538635,0.41987621784210205,-0.056869734078645706,0.6681488156318665,0.4344513714313507,-0.06429405510425568,0.694765567779541,0.3391941785812378,-0.02418062649667263,0.6806659698486328,0.38435545563697815,-0.042380403727293015,0.6523044109344482,0.4032307267189026,-0.04936680942773819,0.6281707286834717,0.4117427468299866,-0.052126407623291016,0.6794690489768982,0.31914594769477844,-0.02894545905292034,0.6687833070755005,0.36066025495529175,-0.04795461893081665,0.6429682374000549,0.37686699628829956,-0.049721039831638336,0.6207018494606018,0.38273534178733826,-0.04631035029888153,0.6597940921783447,0.3003647029399872,-0.034508854150772095,0.6581239700317383,0.33230921626091003,-0.04543069005012512,0.640773594379425,0.3499591648578644,-0.04219835624098778,0.6235073804855347,0.3583603799343109,-0.036773573607206345
Y,0.6045165657997131,0.31897592544555664,-2.1727248622482875e-07,0.6296901702880859,0.3431003987789154,-0.01376401074230671,0.6575124859809875,0.36585432291030884,-0.029388777911663055,0.6779778599739075,0.38656023144721985,-0.04749659076333046,0.6891491413116455,0.4008318781852722,-0.06560597568750381,0.7029154896736145,0.34177008271217346,-0.023113291710615158,0.7210081815719604,0.3754344880580902,-0.048918817192316055,0.7132436037063599,0.40111011266708374,-0.06631003320217133,0.7029682993888855,0.4196509122848511,-0.0753837376832962,0.6979492902755737,0.325896292924881,-0.027842780575156212,0.7084348201751709,0.3717101514339447,-0.05095382779836655,0.6925642490386963,0.3993584215641022,-0.059201572090387344,0.6781429648399353,0.416243314743042,-0.06226155906915665,0.6857912540435791,0.3096807599067688,-0.03467213362455368,0.6877885460853577,0.356162965297699,-0.058255214244127274,0.6602254509925842,0.37733858823776245,-0.05884982645511627,0.6372030377388,0.3860248327255249,-0.054132673889398575,0.6684226393699646,0.29310524463653564,-0.04274444282054901,0.6671858429908752,0.3300228416919708,-0.05594847723841667,0.647572934627533,0.3479783535003662,-0.05243796482682228,0.6296340227127075,0.35582438111305237,-0.046772439032793045
